{"Input layer gradients": -1.7933051640602702e-05, "Hidden layer 1 gradients": 0.0002308321960573411, "Hidden layer 2 gradients": 0.001293964463016879, "Hidden layer 3 gradients": -0.003171300747416411, "Output layer gradients": 0.009098919735805545, "_timestamp": 1662953298.771313, "Loss": {"min": 0.4987466156675126}, "_runtime": 7.368592977523804, "_step": 49, "_wandb": {"runtime": 17}}