{"Input layer gradients": 7.726855864401624e-05, "Hidden layer gradients": -0.05170603400407882, "Output layer gradients": 0.21097199032398622, "_timestamp": 1662936499.670657, "Loss": {"min": 0.49754600567164936}, "_runtime": 6.919987916946411, "_step": 49, "_wandb": {"runtime": 12}}