{"Input layer gradients": -1.13169173599742e-08, "Hidden layer 1 gradients": -3.5376973139765164e-07, "Hidden layer 2 gradients": 4.3279802340691774e-07, "Hidden layer 3 gradients": 0.0010016772248635823, "Output layer gradients": 0.143789410994665, "_timestamp": 1662943487.6413867, "Loss": {"min": 0.5000160590614852}, "_runtime": 7.081557750701904, "_step": 49, "_wandb": {"runtime": 12}}