{"Input layer gradients": 7.86737042489949e-07, "Hidden layer 1 gradients": 6.466066140779844e-06, "Hidden layer 2 gradients": -2.600487736811628e-05, "Hidden layer 3 gradients": -6.990661177678105e-05, "Output layer gradients": 1.6978068715048367e-05, "_timestamp": 1662951711.2851548, "Loss": {"min": 0.49999502161966786}, "_runtime": 7.238264799118042, "_step": 49, "_wandb": {"runtime": 19}}