{"Input layer gradients": -1.341619783450475e-12, "Hidden layer 1 gradients": 2.6689147640079305e-06, "Hidden layer 2 gradients": -6.308959526773659e-07, "Hidden layer 3 gradients": -1.5892548299487298e-05, "Output layer gradients": 0.07789392701943057, "_timestamp": 1662943081.9752827, "Loss": {"min": 0.49999887524124964}, "_runtime": 6.961873769760132, "_step": 49, "_wandb": {"runtime": 11}}