{"Input layer gradients": -8.443380433332302e-08, "Hidden layer 1 gradients": -6.729062472037889e-05, "Hidden layer 2 gradients": -0.0010189231501273753, "Hidden layer 3 gradients": 0.0036558396464856768, "Output layer gradients": 0.0010297935662827318, "_timestamp": 1662948758.0720987, "Loss": {"min": 0.4994045438129952}, "_runtime": 7.173128843307495, "_step": 49, "_wandb": {"runtime": 13}}