{"Input layer gradients": -7.872571889536571e-05, "Hidden layer gradients": 0.0008692341558399876, "Output layer gradients": 0.002391584277313022, "_timestamp": 1662936479.9031444, "Loss": {"min": 0.4999937709593006}, "_runtime": 6.885796308517456, "_step": 49, "_wandb": {"runtime": 11}}