{"Input layer gradients": 3.9681061890199857e-08, "Hidden layer 1 gradients": 1.0077461154786865e-05, "Hidden layer 2 gradients": -6.73336886899157e-07, "Hidden layer 3 gradients": -1.765978816899987e-05, "Output layer gradients": 0.06276158531483507, "_timestamp": 1662941628.011508, "Loss": {"min": 0.4999987791012149}, "_runtime": 6.945219993591309, "_step": 49, "_wandb": {"runtime": 11}}