{"Input layer gradients": 1.8525021617360106e-06, "Hidden layer 1 gradients": 1.913716062033231e-05, "Hidden layer 2 gradients": 2.0261685304407275e-05, "Hidden layer 3 gradients": -2.1599025927940734e-05, "Output layer gradients": 1.7057203822473666e-05, "_timestamp": 1662951354.2276034, "Loss": {"min": 0.49999476910278645}, "_runtime": 7.688242435455322, "_step": 49, "_wandb": {"runtime": 18}}