{"Input layer gradients": -3.36861322674826e-06, "Hidden layer 1 gradients": 8.491344835452532e-05, "Hidden layer 2 gradients": 7.503439419852178e-05, "Hidden layer 3 gradients": 6.630150149468466e-05, "Output layer gradients": 8.865787834128058e-06, "_timestamp": 1662940661.6327682, "Loss": {"min": 0.49998905024017815}, "_runtime": 6.8813111782073975, "_step": 49, "_wandb": {"runtime": 10}}