{"Input layer gradients": 1.9958895742802386e-07, "Hidden layer 1 gradients": 8.979092350640629e-06, "Hidden layer 2 gradients": 6.4819770339617415e-06, "Hidden layer 3 gradients": -3.202018320650313e-05, "Output layer gradients": 0.01644929557872922, "_timestamp": 1662948875.3938332, "Loss": {"min": 0.49999333233167026}, "_runtime": 7.355220079421997, "_step": 49, "_wandb": {"runtime": 12}}