{"Input layer gradients": 1.8152217804603148e-12, "Hidden layer 1 gradients": 3.7884550521937763e-10, "Hidden layer 2 gradients": 7.541748957077085e-10, "Hidden layer 3 gradients": -4.895349122197283e-10, "Output layer gradients": 3.769736267329972e-10, "_timestamp": 1662952269.88187, "Loss": {"min": 0.498059304087813}, "_runtime": 7.387923002243042, "_step": 49, "_wandb": {"runtime": 19}}