{"Input layer gradients": -5.918540162361588e-08, "Hidden layer 1 gradients": -0.0003319201698684992, "Hidden layer 2 gradients": 0.0006906515676331487, "Hidden layer 3 gradients": 0.0026996990700355406, "Output layer gradients": 0.0017563483333794174, "_timestamp": 1662942755.4509423, "Loss": {"min": 0.4992145581594692}, "_runtime": 6.988792181015015, "_step": 49, "_wandb": {"runtime": 13}}