{"Input layer gradients": -6.017103629196108e-06, "Hidden layer 1 gradients": 0.00010610910735891962, "Hidden layer 2 gradients": 3.0771926851480094e-05, "Hidden layer 3 gradients": 0.00014073458374881854, "Output layer gradients": 2.8396389256918342e-05, "_timestamp": 1662940834.3402276, "Loss": {"min": 0.49998961996040486}, "_runtime": 7.022467613220215, "_step": 49, "_wandb": {"runtime": 13}}