{"Input layer gradients": 1.372717272315183e-06, "Hidden layer 1 gradients": 6.955502658954844e-06, "Hidden layer 2 gradients": -3.5300505796832996e-06, "Hidden layer 3 gradients": -4.1771665619564454e-05, "Output layer gradients": 4.066661537439897e-05, "_timestamp": 1662951440.5982866, "Loss": {"min": 0.49999961186924646}, "_runtime": 7.6283135414123535, "_step": 49, "_wandb": {"runtime": 18}}