{"Input layer gradients": 2.0186320197200685e-06, "Hidden layer 1 gradients": 1.3544181326059085e-06, "Hidden layer 2 gradients": -1.1323105715422298e-05, "Hidden layer 3 gradients": 4.568851950475872e-05, "Output layer gradients": 5.7158137711163515e-05, "_timestamp": 1662951796.5256042, "Loss": {"min": 0.49999645862088593}, "_runtime": 8.097928285598755, "_step": 49, "_wandb": {"runtime": 16}}