{"Input layer gradients": -2.1505596056297675e-07, "Hidden layer 1 gradients": -1.0381899183922564e-06, "Hidden layer 2 gradients": 5.472339062372989e-06, "Hidden layer 3 gradients": 5.207727546140416e-05, "Output layer gradients": 0.09192961728649908, "_timestamp": 1662951213.4300869, "Loss": {"min": 0.500004007055778}, "_runtime": 7.260028839111328, "_step": 49, "_wandb": {"runtime": 17}}