{"Input layer gradients": -3.0892195452369423e-06, "Hidden layer 1 gradients": 4.9577658144467845e-06, "Hidden layer 2 gradients": 1.6368363811714827e-05, "Hidden layer 3 gradients": 1.5623805998020214e-05, "Output layer gradients": 0.00012320916299216056, "_timestamp": 1662952744.431608, "Loss": {"min": 0.4999950091228171}, "_runtime": 7.451137065887451, "_step": 49, "_wandb": {"runtime": 19}}