{"Input layer gradients": -2.8010414952712592e-09, "Hidden layer 1 gradients": 1.3106840431423402e-05, "Hidden layer 2 gradients": -2.2763686067334473e-06, "Hidden layer 3 gradients": 6.257244453674044e-06, "Output layer gradients": 4.680397562619752e-05, "_timestamp": 1662940697.880951, "Loss": {"min": 0.4980569341004525}, "_runtime": 7.034178972244263, "_step": 49, "_wandb": {"runtime": 11}}