{"Input layer gradients": 6.540959591539675e-07, "Hidden layer 1 gradients": 2.1780631014811507e-05, "Hidden layer 2 gradients": -3.300172574787828e-07, "Hidden layer 3 gradients": -5.8287829947770176e-05, "Output layer gradients": 0.021910631396785035, "_timestamp": 1662944865.6771321, "Loss": {"min": 0.4999960811162013}, "_runtime": 7.298540115356445, "_step": 49, "_wandb": {"runtime": 12}}