{"Input layer gradients": 2.1484573338264453e-08, "Hidden layer 1 gradients": 0.00014481496727787797, "Hidden layer 2 gradients": -0.0003458555653908503, "Hidden layer 3 gradients": 0.00045515311375608937, "Output layer gradients": 0.0006797320230295736, "_timestamp": 1662947839.2030492, "Loss": {"min": 0.499153872314945}, "_runtime": 8.191962242126465, "_step": 49, "_wandb": {"runtime": 83}}