{"Input layer gradients": -2.5377898973430684e-06, "Hidden layer 1 gradients": -1.859268232124219e-05, "Hidden layer 2 gradients": 0.00016498854843861776, "Hidden layer 3 gradients": 0.005764832141700836, "Output layer gradients": 0.31347515652736846, "_timestamp": 1662948738.4777262, "Loss": {"min": 0.5000402837496155}, "_runtime": 7.272711277008057, "_step": 49, "_wandb": {"runtime": 11}}