{"Input layer gradients": -1.9556097224335647e-06, "Hidden layer 1 gradients": 4.983900500125953e-05, "Hidden layer 2 gradients": -0.003493715395611687, "Hidden layer 3 gradients": 0.004469502136540859, "Output layer gradients": 0.0038666091253144225, "_timestamp": 1662948373.8600628, "Loss": {"min": 0.498414022951039}, "_runtime": 7.127019882202148, "_step": 49, "_wandb": {"runtime": 15}}