{"Input layer": -1.504477381187188e-10, "Hidden layer": 4.030504364908102e-07, "Output layer": 3.012153741730928e-07, "_timestamp": 1662930078.7932098, "Loss": {"min": 0.4994944913575185}, "_runtime": 9.33020567893982, "_step": 49, "_wandb": {"runtime": 9}}