{"Input layer gradients": 8.081961674784903e-07, "Hidden layer 1 gradients": 1.1695159985429155e-05, "Hidden layer 2 gradients": 2.4881254475599625e-06, "Hidden layer 3 gradients": 2.7279960524272e-06, "Output layer gradients": 1.0754139962709797e-06, "_timestamp": 1662944696.1038785, "Loss": {"min": 0.4999916941033023}, "_runtime": 7.466485500335693, "_step": 49, "_wandb": {"runtime": 16}}