{"Input layer gradients": 1.0215659931361009e-07, "Hidden layer gradients": 0.0013564402842221699, "Output layer gradients": -0.018476135301235333, "_timestamp": 1662934715.7210765, "Loss": {"min": 0.49758341974055653}, "_runtime": 6.907920598983765, "_step": 49, "_wandb": {"runtime": 11}}