{"Input layer gradients": -1.7528756479040713e-08, "Hidden layer 1 gradients": -2.3899732828134937e-06, "Hidden layer 2 gradients": 1.137115587097922e-05, "Hidden layer 3 gradients": -1.4565738125570433e-05, "Output layer gradients": 4.933099141180864e-05, "_timestamp": 1662952548.720427, "Loss": {"min": 0.4980684730635259}, "_runtime": 7.1919801235198975, "_step": 49, "_wandb": {"runtime": 18}}