{"Input layer gradients": -1.260881050455876e-07, "Hidden layer 1 gradients": -4.33196706929276e-05, "Hidden layer 2 gradients": -2.1452418437893378e-05, "Hidden layer 3 gradients": 9.780259684523953e-05, "Output layer gradients": 0.11712929070631796, "_timestamp": 1662944514.7979257, "Loss": {"min": 0.5000046017079416}, "_runtime": 7.289960622787476, "_step": 49, "_wandb": {"runtime": 15}}