{"Input layer gradients": 2.864112815201691e-07, "Hidden layer 1 gradients": 3.811496534999481e-06, "Hidden layer 2 gradients": -4.709008768450144e-06, "Hidden layer 3 gradients": -4.558785133044219e-06, "Output layer gradients": 0.03441312455544146, "_timestamp": 1662945579.3166988, "Loss": {"min": 0.4999986533579188}, "_runtime": 11.328852891921997, "_step": 49, "_wandb": {"runtime": 101}}