{"Input layer gradients": -5.032023223712897e-07, "Hidden layer 1 gradients": 3.689766978202989e-05, "Hidden layer 2 gradients": 1.742056639297082e-05, "Hidden layer 3 gradients": 8.496517347525561e-05, "Output layer gradients": 1.4538765284802246e-06, "_timestamp": 1662940607.3705502, "Loss": {"min": 0.49998809476433187}, "_runtime": 7.154385089874268, "_step": 49, "_wandb": {"runtime": 10}}