{"Input layer gradients": 5.255367320026737e-11, "Hidden layer 1 gradients": 1.1980447695670431e-06, "Hidden layer 2 gradients": -3.156802267826801e-07, "Hidden layer 3 gradients": 2.695591817911396e-05, "Output layer gradients": 2.2118425621608928e-07, "_timestamp": 1662941792.731404, "Loss": {"min": 0.49998770738350384}, "_runtime": 7.0473411083221436, "_step": 49, "_wandb": {"runtime": 13}}