{"Input layer gradients": 1.3028291621550294e-05, "Hidden layer 1 gradients": 0.00011643561739198757, "Hidden layer 2 gradients": 2.321307279834928e-06, "Hidden layer 3 gradients": -2.3438831209944422e-05, "Output layer gradients": 0.00024036336374412548, "_timestamp": 1662941980.612805, "Loss": {"min": 0.499994314525802}, "_runtime": 7.156761884689331, "_step": 49, "_wandb": {"runtime": 14}}