{"Input layer gradients": 2.202948946106863e-06, "Hidden layer 1 gradients": 1.2550154182017983e-05, "Hidden layer 2 gradients": 6.0730716413617825e-06, "Hidden layer 3 gradients": -2.7074908752889063e-05, "Output layer gradients": 9.247717444191283e-06, "_timestamp": 1662948781.7266781, "Loss": {"min": 0.4999903285710518}, "_runtime": 7.074855089187622, "_step": 49, "_wandb": {"runtime": 13}}