{"Input layer gradients": 7.308878625740703e-05, "Hidden layer 1 gradients": -0.0014660208610693755, "Hidden layer 2 gradients": 0.0004555362332774526, "Hidden layer 3 gradients": -0.0022676818239690914, "Output layer gradients": 0.0015216035052693219, "_timestamp": 1662941705.2867036, "Loss": {"min": 0.497797659443473}, "_runtime": 7.015249490737915, "_step": 49, "_wandb": {"runtime": 12}}