{"Input layer gradients": -2.2562494186501576e-07, "Hidden layer 1 gradients": 1.4056207120139428e-05, "Hidden layer 2 gradients": 1.4904498882983987e-05, "Hidden layer 3 gradients": -4.166057497983473e-05, "Output layer gradients": 0.00013982696260078642, "_timestamp": 1662944768.0390902, "Loss": {"min": 0.4999933513428727}, "_runtime": 7.415006160736084, "_step": 49, "_wandb": {"runtime": 17}}