{"Input layer gradients": -1.4359621523257102e-07, "Hidden layer 1 gradients": 7.232296999182887e-06, "Hidden layer 2 gradients": 1.869290486929446e-05, "Hidden layer 3 gradients": 0.025939122678027872, "Output layer gradients": 0.5383629189394352, "_timestamp": 1662952498.4897208, "Loss": {"min": 0.5000937734694058}, "_runtime": 7.383987903594971, "_step": 49, "_wandb": {"runtime": 17}}