{"Input layer gradients": 4.941044804593657e-21, "Hidden layer 1 gradients": 5.007843153180638e-22, "Hidden layer 2 gradients": 4.759117579129003e-10, "Hidden layer 3 gradients": -7.096464932820257e-10, "Output layer gradients": 7.574160487274296e-07, "_timestamp": 1662941067.4470503, "Loss": {"min": 0.49887047767313647}, "_runtime": 7.120653390884399, "_step": 49, "_wandb": {"runtime": 15}}