{"Input layer gradients": -2.6208305642011804e-06, "Hidden layer 1 gradients": 2.698494694221131e-05, "Hidden layer 2 gradients": -3.230584338421179e-05, "Hidden layer 3 gradients": 5.204034697208691e-05, "Output layer gradients": 5.1487195000676085e-05, "_timestamp": 1662941257.8541026, "Loss": {"min": 0.49833309116002944}, "_runtime": 6.989002704620361, "_step": 49, "_wandb": {"runtime": 14}}