{"Input layer gradients": -1.9817924293868922e-06, "Hidden layer 1 gradients": -5.6655639112675955e-05, "Hidden layer 2 gradients": -2.63036299967625e-05, "Hidden layer 3 gradients": 0.00270170591743602, "Output layer gradients": 0.2878841143736107, "_timestamp": 1662952856.8481975, "Loss": {"min": 0.5000314023454571}, "_runtime": 7.307830572128296, "_step": 49, "_wandb": {"runtime": 19}}