{"Input layer": 2.7196328588977737e-14, "Hidden layer": -5.4793611806805205e-06, "Output layer": 0.000263475888931608, "_timestamp": 1662925577.014489, "Loss": {"min": 0.49985338535157114}, "_runtime": 6.956387042999268, "_step": 49, "_wandb": {"runtime": 9}}