{"Input layer gradients": 7.355500949407198e-06, "Hidden layer 1 gradients": -7.945363564560238e-05, "Hidden layer 2 gradients": -9.291112636153181e-06, "Hidden layer 3 gradients": -1.3348142713221477e-05, "Output layer gradients": 5.956681734073377e-06, "_timestamp": 1662941029.3122933, "Loss": {"min": 0.4999853824413554}, "_runtime": 7.0214972496032715, "_step": 49, "_wandb": {"runtime": 12}}