{"Input layer gradients": 4.834050418171777e-07, "Hidden layer 1 gradients": 4.1402175977588954e-05, "Hidden layer 2 gradients": 4.703470700647114e-05, "Hidden layer 3 gradients": 2.2972736079012293e-05, "Output layer gradients": 1.4721755188462637e-05, "_timestamp": 1662944405.9912202, "Loss": {"min": 0.4999940121130852}, "_runtime": 7.326037168502808, "_step": 49, "_wandb": {"runtime": 18}}