{"Input layer gradients": -7.862295406668916e-06, "Hidden layer gradients": 0.012513445321209585, "Output layer gradients": 0.5797994769581503, "_timestamp": 1662934528.037865, "Loss": {"min": 0.500005759267489}, "_runtime": 6.911983013153076, "_step": 49, "_wandb": {"runtime": 17}}