{"Input layer gradients": -3.734831863042084e-16, "Hidden layer 1 gradients": -7.812523048725977e-05, "Hidden layer 2 gradients": -0.0004990328871863711, "Hidden layer 3 gradients": 0.002597055543268334, "Output layer gradients": -0.005362149803819161, "_timestamp": 1662943102.4923093, "Loss": {"min": 0.49956280392774083}, "_runtime": 6.988709449768066, "_step": 49, "_wandb": {"runtime": 14}}