{"Input layer gradients": 0.00026525804753514887, "Hidden layer 1 gradients": 0.0007392382929130445, "Hidden layer 2 gradients": 0.0004075583175707951, "Hidden layer 3 gradients": 0.0006322815141740984, "Output layer gradients": -0.011318488268437024, "_timestamp": 1662948309.5719585, "Loss": {"min": 0.4990896176158738}, "_runtime": 7.4488465785980225, "_step": 49, "_wandb": {"runtime": 12}}