{"Input layer gradients": -1.6098191227402614e-06, "Hidden layer 1 gradients": -9.083121071387141e-06, "Hidden layer 2 gradients": 1.0046764921527245e-05, "Hidden layer 3 gradients": 9.849006609357899e-05, "Output layer gradients": 0.12331528468791092, "_timestamp": 1662940625.2109644, "Loss": {"min": 0.5000045525143105}, "_runtime": 7.284644365310669, "_step": 49, "_wandb": {"runtime": 9}}