{"Input layer gradients": -2.496985712242043e-06, "Hidden layer 1 gradients": 4.0210153899602314e-05, "Hidden layer 2 gradients": 5.208165562378846e-05, "Hidden layer 3 gradients": 0.0001552759900743373, "Output layer gradients": 0.00010433673717177849, "_timestamp": 1662942566.1806042, "Loss": {"min": 0.4999959537199147}, "_runtime": 7.5415263175964355, "_step": 49, "_wandb": {"runtime": 14}}