{"Input layer gradients": -1.6797339158010189e-18, "Hidden layer gradients": 1.0068526064228335e-05, "Output layer gradients": 0.0002833672797507861, "_timestamp": 1662933348.0901992, "Loss": {"min": 0.4967043461109054}, "_runtime": 6.94557523727417, "_step": 49, "_wandb": {"runtime": 9}}