{"Input layer gradients": 9.486826669542644e-06, "Hidden layer 1 gradients": 6.679924534575522e-06, "Hidden layer 2 gradients": 1.6754291164209997e-05, "Hidden layer 3 gradients": -1.1778491954601323e-05, "Output layer gradients": 0.00907687698084142, "_timestamp": 1662942267.6735191, "Loss": {"min": 0.4999892867046229}, "_runtime": 7.153616189956665, "_step": 49, "_wandb": {"runtime": 13}}