{"Input layer gradients": -1.5543913733819852e-06, "Hidden layer gradients": -1.6302163492286072e-05, "Output layer gradients": 8.961843404286775e-05, "_timestamp": 1662935921.2666686, "Loss": {"min": 0.4999953256125033}, "_runtime": 6.996662616729736, "_step": 49, "_wandb": {"runtime": 14}}