{"Input layer gradients": 1.4716798013712519e-05, "Hidden layer 1 gradients": 5.92208922571057e-06, "Hidden layer 2 gradients": 4.993424424312764e-06, "Hidden layer 3 gradients": 2.890486660570593e-05, "Output layer gradients": 0.00020470420269808054, "_timestamp": 1662941150.9304981, "Loss": {"min": 0.499987919272292}, "_runtime": 7.217079162597656, "_step": 49, "_wandb": {"runtime": 14}}