{"Input layer gradients": 1.0511913281975368e-06, "Hidden layer 1 gradients": 2.9134763771989587e-07, "Hidden layer 2 gradients": -8.550524586246796e-06, "Hidden layer 3 gradients": 1.1540516528591054e-05, "Output layer gradients": 0.03157790877636854, "_timestamp": 1662946877.7354693, "Loss": {"min": 0.49999670010099273}, "_runtime": 7.889543294906616, "_step": 49, "_wandb": {"runtime": 70}}