{"Input layer gradients": -1.158458239985063e-06, "Hidden layer 1 gradients": 5.5531865847726817e-05, "Hidden layer 2 gradients": 0.0004657207317284063, "Hidden layer 3 gradients": 0.018870296347260333, "Output layer gradients": 0.5069087778718027, "_timestamp": 1662948351.945183, "Loss": {"min": 0.5000792034350661}, "_runtime": 7.042256116867065, "_step": 49, "_wandb": {"runtime": 12}}