{"Input layer gradients": 2.1337894788764093e-06, "Hidden layer 1 gradients": 0.00015517470654297867, "Hidden layer 2 gradients": -9.246615049392576e-08, "Hidden layer 3 gradients": -7.769821299486644e-08, "Output layer gradients": 5.313891125680037e-06, "_timestamp": 1662942308.4935534, "Loss": {"min": 0.4999876134475445}, "_runtime": 6.9631664752960205, "_step": 49, "_wandb": {"runtime": 12}}