{"Input layer gradients": -8.484977308984986e-06, "Hidden layer 1 gradients": 0.0002839314338576272, "Hidden layer 2 gradients": 0.0018628401816762445, "Hidden layer 3 gradients": -0.006811479820709359, "Output layer gradients": 0.0022300464512244995, "_timestamp": 1662951769.7259924, "Loss": {"min": 0.49867240659619855}, "_runtime": 7.381617546081543, "_step": 49, "_wandb": {"runtime": 16}}