{"Input layer gradients": -5.099592874829565e-46, "Hidden layer 1 gradients": 7.369140041295302e-06, "Hidden layer 2 gradients": 2.8611721621586272e-05, "Hidden layer 3 gradients": 0.00017786565868386267, "Output layer gradients": 0.1464792875584895, "_timestamp": 1662940680.4412138, "Loss": {"min": 0.5000075729953921}, "_runtime": 8.01560091972351, "_step": 49, "_wandb": {"runtime": 10}}