{"Input layer gradients": 3.258766682646108e-06, "Hidden layer gradients": -0.0010855816378872814, "Output layer gradients": 0.037097576532895665, "_timestamp": 1662935493.735325, "Loss": {"min": 0.5001223902764226}, "_runtime": 6.243579149246216, "_step": 49, "_wandb": {"runtime": 14}}