{"Input layer gradients": -9.028871747870078e-10, "Hidden layer 1 gradients": -2.2884867926181836e-09, "Hidden layer 2 gradients": 1.6706060718007295e-07, "Hidden layer 3 gradients": -2.905483778559771e-07, "Output layer gradients": 2.3831681296342805e-06, "_timestamp": 1662946353.4902663, "Loss": {"min": 0.4982816384091523}, "_runtime": 8.581408262252808, "_step": 49, "_wandb": {"runtime": 87}}