{"Input layer gradients": 1.2939365933414973e-06, "Hidden layer 1 gradients": -0.002993750757782104, "Hidden layer 2 gradients": -0.005390280633903396, "Hidden layer 3 gradients": 0.005689635865641784, "Output layer gradients": -0.0052496505586553804, "_timestamp": 1662943797.9198928, "Loss": {"min": 0.49889828532022285}, "_runtime": 6.981468677520752, "_step": 49, "_wandb": {"runtime": 16}}