{"Input layer gradients": 3.50310179095367e-07, "Hidden layer 1 gradients": -2.252458317200107e-05, "Hidden layer 2 gradients": 3.219712638452099e-06, "Hidden layer 3 gradients": 0.00021649934580223184, "Output layer gradients": 0.1343823961450369, "_timestamp": 1662953356.164974, "Loss": {"min": 0.5000064893703909}, "_runtime": 7.215259075164795, "_step": 49, "_wandb": {"runtime": 17}}