{"Input layer gradients": -3.4464037706589237e-07, "Hidden layer 1 gradients": 1.048176608427156e-05, "Hidden layer 2 gradients": -6.381171451412864e-06, "Hidden layer 3 gradients": 0.00019926924391256521, "Output layer gradients": 2.2220350279697487e-05, "_timestamp": 1662953877.4162998, "Loss": {"min": 0.4999933222767823}, "_runtime": 7.741199731826782, "_step": 49, "_wandb": {"runtime": 21}}