{"Input layer gradients": 2.873701943022796e-07, "Hidden layer 1 gradients": 0.00012035618902965935, "Hidden layer 2 gradients": 8.893523882420054e-05, "Hidden layer 3 gradients": -2.4580348708099883e-05, "Output layer gradients": 5.939922550365906e-06, "_timestamp": 1662952214.1492174, "Loss": {"min": 0.4999938458358887}, "_runtime": 7.298460483551025, "_step": 49, "_wandb": {"runtime": 17}}