{"Input layer gradients": -3.5158772073046678e-09, "Hidden layer 1 gradients": 1.278646420030337e-07, "Hidden layer 2 gradients": -4.3002172395449886e-07, "Hidden layer 3 gradients": 5.98720880791447e-07, "Output layer gradients": 8.230628796927537e-07, "_timestamp": 1662942966.3159926, "Loss": {"min": 0.4982428184594596}, "_runtime": 7.059630632400513, "_step": 49, "_wandb": {"runtime": 19}}