{"Input layer gradients": -1.0631308892287556e-06, "Hidden layer 1 gradients": 1.2641584186387305e-05, "Hidden layer 2 gradients": -1.1568849158116481e-05, "Hidden layer 3 gradients": 0.000165179504110351, "Output layer gradients": 3.971660000130772e-05, "_timestamp": 1662953326.9069862, "Loss": {"min": 0.4999983251680949}, "_runtime": 7.302469253540039, "_step": 49, "_wandb": {"runtime": 17}}