{"Input layer gradients": -4.41038661720524e-06, "Hidden layer 1 gradients": -0.0015391134602158044, "Hidden layer 2 gradients": 0.003538680148312485, "Hidden layer 3 gradients": 0.006484785973633362, "Output layer gradients": 0.008927198909017676, "_timestamp": 1662943442.3870795, "Loss": {"min": 0.4994342554417043}, "_runtime": 9.235194444656372, "_step": 49, "_wandb": {"runtime": 13}}