{"Input layer gradients": 1.8782785059281107e-05, "Hidden layer 1 gradients": -5.636678742885091e-05, "Hidden layer 2 gradients": -0.0005520562783655297, "Hidden layer 3 gradients": 0.003020167444404523, "Output layer gradients": 0.001169876609500545, "_timestamp": 1662953463.5655916, "Loss": {"min": 0.4993965671921682}, "_runtime": 7.432205677032471, "_step": 49, "_wandb": {"runtime": 19}}