{"Input layer gradients": 2.380191457792591e-06, "Hidden layer 1 gradients": -6.863977316872401e-05, "Hidden layer 2 gradients": 0.0005623790896068151, "Hidden layer 3 gradients": 0.03112317358518604, "Output layer gradients": 0.6217325414110272, "_timestamp": 1662951991.2839196, "Loss": {"min": 0.5001040430729808}, "_runtime": 7.436038494110107, "_step": 49, "_wandb": {"runtime": 15}}