{"Input layer gradients": 1.1983784687322929e-06, "Hidden layer 1 gradients": 1.459739720790897e-05, "Hidden layer 2 gradients": -6.357446191690409e-06, "Hidden layer 3 gradients": 2.688699511926775e-06, "Output layer gradients": 8.081235053386537e-06, "_timestamp": 1662944489.017705, "Loss": {"min": 0.4999867267153787}, "_runtime": 7.33958888053894, "_step": 49, "_wandb": {"runtime": 17}}