{"Input layer gradients": -3.0157628472317375e-08, "Hidden layer 1 gradients": 2.242053757630054e-06, "Hidden layer 2 gradients": -3.318011645994937e-05, "Hidden layer 3 gradients": 9.338642926445206e-06, "Output layer gradients": -2.0720872525948897e-05, "_timestamp": 1662952965.1279297, "Loss": {"min": 0.4976973431443075}, "_runtime": 7.2150797843933105, "_step": 49, "_wandb": {"runtime": 15}}