{"Input layer": {"_type": "histogram", "values": [1, 1, 0, 47, 0, 0, 0, 0, 0, 0, 0, 0, 0, 0, 0, 0, 0, 0, 0, 0, 0, 0, 0, 0, 0, 0, 0, 0, 0, 0, 0, 1], "bins": [-0.0010033410648306051, -0.000724420995438853, -0.0004455009260471009, -0.0001665808566553488, 0.00011233921273640329, 0.0003912592821281554, 0.0006701793515199075, 0.0009490994209116596, 0.0012280194903034117, 0.0015069395596951638, 0.001785859629086916, 0.0020647796984786682, 0.0023436997678704203, 0.0026226198372621724, 0.0029015399066539245, 0.0031804599760456766, 0.0034593800454374287, 0.003738300114829181, 0.004017220184220933, 0.004296140253612685, 0.004575060323004437, 0.004853980392396189, 0.005132900461787941, 0.0054118205311796935, 0.0056907406005714456, 0.005969660669963198, 0.00624858073935495, 0.006527500808746702, 0.006806420878138454, 0.007085340947530205, 0.007364261016921958, 0.007643181086313711, 0.007922101155705462]}, "Hidden layer": {"_type": "histogram", "values": [48, 0, 0, 0, 0, 0, 0, 0, 0, 0, 0, 1, 0, 0, 0, 0, 0, 0, 0, 0, 0, 0, 0, 0, 0, 0, 0, 0, 0, 0, 0, 1], "bins": [-0.006844980871379749, 0.029968689145451245, 0.06678235916228224, 0.10359602917911323, 0.14040969919594423, 0.17722336921277523, 0.2140370392296062, 0.2508507092464372, 0.2876643792632682, 0.3244780492800992, 0.3612917192969302, 0.3981053893137612, 0.43491905933059216, 0.47173272934742316, 0.5085463993642542, 0.5453600693810852, 0.5821737393979162, 0.6189874094147472, 0.6558010794315782, 0.6926147494484092, 0.7294284194652402, 0.7662420894820712, 0.8030557594989022, 0.8398694295157332, 0.8766830995325641, 0.9134967695493951, 0.9503104395662261, 0.9871241095830571, 1.023937779599888, 1.0607514496167192, 1.09756511963355, 1.1343787896503812, 1.171192459667212]}, "Output layer": {"_type": "histogram", "values": [1, 0, 0, 0, 0, 0, 0, 0, 0, 0, 0, 0, 0, 0, 0, 1, 46, 0, 0, 0, 0, 1, 0, 0, 0, 0, 0, 0, 0, 0, 0, 1], "bins": [-3.0094565995402434, -2.825556798241641, -2.641656996943038, -2.4577571956444357, -2.273857394345833, -2.0899575930472305, -1.906057791748628, -1.7221579904500255, -1.5382581891514229, -1.3543583878528203, -1.1704585865542176, -0.9865587852556152, -0.8026589839570129, -0.61875918265841, -0.4348593813598076, -0.2509595800612048, -0.06705977876260238, 0.11684002253600001, 0.30073982383460285, 0.48463962513320524, 0.6685394264318081, 0.8524392277304105, 1.0363390290290129, 1.2202388303276157, 1.4041386316262177, 1.5880384329248205, 1.7719382342234233, 1.9558380355220262, 2.139737836820628, 2.323637638119231, 2.507537439417834, 2.6914372407164358, 2.875337042015039]}, "_timestamp": 1662924987.1989052, "_runtime": 6.906158208847046, "_step": 1, "_wandb": {"runtime": 9}}