{"Input layer gradients": -9.420932510773723e-08, "Hidden layer 1 gradients": -1.3554199073101126e-06, "Hidden layer 2 gradients": 4.559583797532028e-06, "Hidden layer 3 gradients": -6.249095464043868e-06, "Output layer gradients": 1.0404519840859951e-05, "_timestamp": 1662941510.2547843, "Loss": {"min": 0.4979787566562997}, "_runtime": 6.9782874584198, "_step": 49, "_wandb": {"runtime": 14}}