{"Input layer gradients": 2.756973132872333e-05, "Hidden layer 1 gradients": -1.792717631055393e-05, "Hidden layer 2 gradients": -0.00012444119043537785, "Hidden layer 3 gradients": 4.606718368952694e-05, "Output layer gradients": 1.0688708631800175e-05, "_timestamp": 1662944313.0576687, "Loss": {"min": 0.4984916883984466}, "_runtime": 7.481044769287109, "_step": 49, "_wandb": {"runtime": 15}}