{"Input layer gradients": 5.710480695976712e-07, "Hidden layer 1 gradients": -1.1737001146072277e-05, "Hidden layer 2 gradients": 7.516156315918055e-07, "Hidden layer 3 gradients": -1.5713774190640693e-05, "Output layer gradients": -1.0728013198624264e-07, "_timestamp": 1662941916.7002206, "Loss": {"min": 0.49998721070993524}, "_runtime": 7.081396579742432, "_step": 49, "_wandb": {"runtime": 12}}