{"Input layer gradients": -1.6253415603098542e-07, "Hidden layer 1 gradients": -2.3327873557166265e-05, "Hidden layer 2 gradients": 3.329736271832931e-05, "Hidden layer 3 gradients": -4.117376489477497e-05, "Output layer gradients": 6.627070384449408e-05, "_timestamp": 1662942222.7288082, "Loss": {"min": 0.49795489536227383}, "_runtime": 7.1324782371521, "_step": 49, "_wandb": {"runtime": 16}}