{"Input layer gradients": -1.3495980645321988e-05, "Hidden layer 1 gradients": -4.157889419820449e-05, "Hidden layer 2 gradients": 7.52950140024962e-05, "Hidden layer 3 gradients": 0.0006997249559703978, "Output layer gradients": 0.1689702622589711, "_timestamp": 1662941490.628076, "Loss": {"min": 0.5000136345518086}, "_runtime": 6.9979870319366455, "_step": 49, "_wandb": {"runtime": 12}}