{"Input layer gradients": 2.739061028765226e-07, "Hidden layer 1 gradients": 8.588805892785415e-06, "Hidden layer 2 gradients": -1.514708993434616e-05, "Hidden layer 3 gradients": -5.927716002721616e-06, "Output layer gradients": 0.02929129955534701, "_timestamp": 1662945007.642896, "Loss": {"min": 0.4999972044811536}, "_runtime": 7.4110329151153564, "_step": 49, "_wandb": {"runtime": 12}}