{"Input layer gradients": 6.649973814717854e-07, "Hidden layer 1 gradients": 4.6129088414181004e-05, "Hidden layer 2 gradients": 0.00022948586648583293, "Hidden layer 3 gradients": 0.00020335308668969815, "Output layer gradients": 2.1783078359843833e-05, "_timestamp": 1662948145.6984391, "Loss": {"min": 0.49999174663495094}, "_runtime": 7.476138114929199, "_step": 49, "_wandb": {"runtime": 12}}