{"Input layer gradients": 1.358060241808485e-06, "Hidden layer 1 gradients": 8.361106163689426e-05, "Hidden layer 2 gradients": 2.0767304414532125e-05, "Hidden layer 3 gradients": 0.0002457540125278138, "Output layer gradients": 1.3586499368958838e-05, "_timestamp": 1662941279.3046057, "Loss": {"min": 0.49999266978233775}, "_runtime": 7.083446741104126, "_step": 49, "_wandb": {"runtime": 12}}