{"Input layer gradients": 1.0193892945762636e-10, "Hidden layer 1 gradients": 1.472189200328581e-09, "Hidden layer 2 gradients": 9.125664522091144e-09, "Hidden layer 3 gradients": -1.504481154458966e-08, "Output layer gradients": 3.306195479783159e-08, "_timestamp": 1662953845.2831218, "Loss": {"min": 0.49811906902209757}, "_runtime": 7.3631768226623535, "_step": 49, "_wandb": {"runtime": 21}}