{"Input layer gradients": -1.334451968418962e-07, "Hidden layer 1 gradients": 1.1134064085312088e-06, "Hidden layer 2 gradients": -4.234968527658089e-06, "Hidden layer 3 gradients": 3.0308884157112452e-05, "Output layer gradients": 0.10148098466519767, "_timestamp": 1662948167.0392287, "Loss": {"min": 0.5000018623485833}, "_runtime": 6.994319677352905, "_step": 49, "_wandb": {"runtime": 12}}