{"Input layer gradients": -8.063911523215493e-06, "Hidden layer gradients": 0.05027270900619836, "Output layer gradients": 0.615836376171697, "_timestamp": 1662935276.5096629, "Loss": {"min": 0.5000522284727353}, "_runtime": 7.51406192779541, "_step": 49, "_wandb": {"runtime": 12}}