{"Input layer gradients": 5.0817764132985114e-06, "Hidden layer 1 gradients": -0.00014894477150236007, "Hidden layer 2 gradients": -0.000610952205000182, "Output layer gradients": -0.00013273821110731943, "_timestamp": 1662939321.1354022, "Loss": {"min": 0.499809434263754}, "_runtime": 7.096152305603027, "_step": 49, "_wandb": {"runtime": 14}}