{"Input layer gradients": 3.103554093610494e-06, "Hidden layer 1 gradients": 1.5115361622074828e-05, "Hidden layer 2 gradients": 4.093037285277141e-05, "Hidden layer 3 gradients": 0.00016931881950762838, "Output layer gradients": 5.1874303125712395e-05, "_timestamp": 1662943125.8031409, "Loss": {"min": 0.4999926146641808}, "_runtime": 6.940300941467285, "_step": 49, "_wandb": {"runtime": 13}}