{"Input layer gradients": 4.4531240482871146e-07, "Hidden layer 1 gradients": 2.0123910076346954e-06, "Hidden layer 2 gradients": -1.8821149782236176e-06, "Hidden layer 3 gradients": 4.96973713137103e-05, "Output layer gradients": 5.365448658131711e-06, "_timestamp": 1662944980.1466215, "Loss": {"min": 0.49998865057537184}, "_runtime": 7.426095485687256, "_step": 49, "_wandb": {"runtime": 16}}