{"Input layer gradients": 3.8746735425139805e-07, "Hidden layer 1 gradients": -1.4006329911765515e-05, "Hidden layer 2 gradients": -3.025454119366706e-06, "Hidden layer 3 gradients": 1.6323483823773796e-05, "Output layer gradients": 0.04807092473004562, "_timestamp": 1662943017.4567158, "Loss": {"min": 0.5000004095204847}, "_runtime": 6.934956789016724, "_step": 49, "_wandb": {"runtime": 11}}