{"Input layer gradients": 4.3419136804137013e-07, "Hidden layer 1 gradients": 6.183885668604972e-06, "Hidden layer 2 gradients": -6.635358158677072e-06, "Hidden layer 3 gradients": -4.88267791187694e-05, "Output layer gradients": 4.51770726023204e-07, "_timestamp": 1662951882.5594769, "Loss": {"min": 0.49998662053279}, "_runtime": 7.602359771728516, "_step": 49, "_wandb": {"runtime": 14}}