{"Input layer gradients": 5.5212494955368915e-08, "Hidden layer 1 gradients": 2.513581335780488e-06, "Hidden layer 2 gradients": -6.5474974520777145e-06, "Hidden layer 3 gradients": -4.9065151361923075e-05, "Output layer gradients": 0.032759059015534386, "_timestamp": 1662954002.1299026, "Loss": {"min": 0.4999979689271995}, "_runtime": 7.45745062828064, "_step": 49, "_wandb": {"runtime": 19}}