{"Input layer gradients": 2.194574360112969e-07, "Hidden layer 1 gradients": 8.374100203793878e-05, "Hidden layer 2 gradients": 5.808592905443992e-05, "Hidden layer 3 gradients": 0.00022263443098118638, "Output layer gradients": 5.214709613773905e-06, "_timestamp": 1662947651.3760586, "Loss": {"min": 0.4999888080807191}, "_runtime": 7.918558597564697, "_step": 49, "_wandb": {"runtime": 78}}