{"Input layer gradients": 2.1450328443946262e-06, "Hidden layer 1 gradients": -2.614076460616804e-05, "Hidden layer 2 gradients": 0.00012513976999913606, "Hidden layer 3 gradients": 0.0016854475383590803, "Output layer gradients": 0.2796337559779611, "_timestamp": 1662941298.7237568, "Loss": {"min": 0.5000259811529604}, "_runtime": 6.983454704284668, "_step": 49, "_wandb": {"runtime": 11}}