{"Input layer gradients": -6.265560320794677e-10, "Hidden layer 1 gradients": 7.285798953427587e-10, "Hidden layer 2 gradients": 3.028851990636362e-08, "Hidden layer 3 gradients": -3.172140550339104e-08, "Output layer gradients": 1.1348161844863191e-08, "_timestamp": 1662948564.3513954, "Loss": {"min": 0.49758212017844383}, "_runtime": 7.207358360290527, "_step": 49, "_wandb": {"runtime": 12}}