{"Input layer gradients": 8.023041228376697e-12, "Hidden layer 1 gradients": -2.077785112069732e-11, "Hidden layer 2 gradients": -1.1948299381151311e-10, "Hidden layer 3 gradients": 1.4541660733109932e-10, "Output layer gradients": 2.3232517648998583e-10, "_timestamp": 1662943370.346627, "Loss": {"min": 0.497650956606808}, "_runtime": 7.008711099624634, "_step": 49, "_wandb": {"runtime": 14}}