{"Input layer": -1.3095969233459606e-13, "Hidden layer": -6.579131500161362e-06, "Output layer": 5.2623389632563966e-05, "_timestamp": 1662925521.1678169, "Loss": {"min": 0.49890012720532306}, "_runtime": 6.034876823425293, "_step": 49, "_wandb": {"runtime": 10}}