{"Input layer gradients": 5.029320120629799e-06, "Hidden layer 1 gradients": 4.806777164506118e-05, "Hidden layer 2 gradients": 5.007798135210173e-06, "Hidden layer 3 gradients": 1.0449907041151204e-06, "Output layer gradients": 1.9464538467794945e-05, "_timestamp": 1662944336.2481747, "Loss": {"min": 0.4999882504884597}, "_runtime": 7.085872650146484, "_step": 49, "_wandb": {"runtime": 16}}