{"Input layer gradients": -0.0002125513050639366, "Hidden layer 1 gradients": 0.0008767935607757825, "Hidden layer 2 gradients": 0.00033211720657462643, "Hidden layer 3 gradients": -0.012851595687089537, "Output layer gradients": 0.005726332859289794, "_timestamp": 1662953041.2979627, "Loss": {"min": 0.49771741926061386}, "_runtime": 7.095557689666748, "_step": 49, "_wandb": {"runtime": 16}}