{"Input layer": -1.7388298545677373e-07, "Hidden layer": -0.00015367542522307014, "Output layer": 0.00055964538801057, "_timestamp": 1662925444.808514, "Loss": {"min": 0.5001160469884683}, "_runtime": 6.8895652294158936, "_step": 49, "_wandb": {"runtime": 9}}