{"Input layer gradients": -1.9565346620495874e-06, "Hidden layer 1 gradients": 6.824834676403603e-05, "Hidden layer 2 gradients": 9.056354093701647e-06, "Hidden layer 3 gradients": -9.936920010017255e-06, "Output layer gradients": 1.2854176476825852e-05, "_timestamp": 1662942045.6945415, "Loss": {"min": 0.49999345367681114}, "_runtime": 7.092853546142578, "_step": 49, "_wandb": {"runtime": 14}}