{"Input layer gradients": 4.863371256656765e-06, "Hidden layer 1 gradients": -1.3039757683225197e-05, "Hidden layer 2 gradients": -4.828354476423509e-06, "Hidden layer 3 gradients": 4.6226145714288197e-07, "Output layer gradients": 3.1631939754334093e-06, "_timestamp": 1662940774.4309013, "Loss": {"min": 0.49998732762016024}, "_runtime": 7.307614326477051, "_step": 49, "_wandb": {"runtime": 12}}