{"Input layer gradients": -1.3010090747573968e-18, "Hidden layer gradients": -0.001973218784112738, "Output layer gradients": 0.05758350763094001, "_timestamp": 1662931902.7859817, "Loss": {"min": 0.4981808781746883}, "_runtime": 6.871182680130005, "_step": 49, "_wandb": {"runtime": 9}}