{"Input layer gradients": -3.886842964948817e-06, "Hidden layer 1 gradients": -1.665954474267443e-05, "Hidden layer 2 gradients": 0.0003596308775144391, "Hidden layer 3 gradients": 0.011398008519467632, "Output layer gradients": 0.46082467573753805, "_timestamp": 1662944651.6860888, "Loss": {"min": 0.5000564584754333}, "_runtime": 7.1556618213653564, "_step": 49, "_wandb": {"runtime": 12}}