{"Input layer gradients": 1.320351492663568e-05, "Hidden layer gradients": 1.9550334757954275e-05, "Output layer gradients": -4.459959776034292e-05, "_timestamp": 1662935672.4335785, "Loss": {"min": 0.49999273985373643}, "_runtime": 6.9129204750061035, "_step": 49, "_wandb": {"runtime": 13}}