{"Input layer gradients": 2.0719894581473996e-08, "Hidden layer 1 gradients": 6.248142218996288e-07, "Hidden layer 2 gradients": 2.827538111553511e-06, "Hidden layer 3 gradients": 0.0002459850072837634, "Output layer gradients": 2.545272831007417e-06, "_timestamp": 1662948329.596576, "Loss": {"min": 0.4999876600422183}, "_runtime": 6.976167917251587, "_step": 49, "_wandb": {"runtime": 13}}