{"Input layer gradients": -2.227032287209242e-06, "Hidden layer 1 gradients": 2.825829116138829e-05, "Hidden layer 2 gradients": 4.4610385218928435e-06, "Hidden layer 3 gradients": 0.00045102910337874896, "Output layer gradients": 5.980724632784207e-05, "_timestamp": 1662944628.0580728, "Loss": {"min": 0.49999312166881454}, "_runtime": 7.133854866027832, "_step": 49, "_wandb": {"runtime": 15}}