{"Input layer gradients": 4.619105979185985e-07, "Hidden layer 1 gradients": -0.00014100627510257318, "Hidden layer 2 gradients": -0.0002674336529253183, "Hidden layer 3 gradients": 0.0004680226986398823, "Output layer gradients": 0.0003211007905295197, "_timestamp": 1662951151.4181817, "Loss": {"min": 0.4985750366756422}, "_runtime": 7.621373653411865, "_step": 49, "_wandb": {"runtime": 21}}