{"Input layer gradients": 1.1894234564207543e-06, "Hidden layer 1 gradients": 3.3144955148989096e-05, "Hidden layer 2 gradients": 1.021495353725913e-05, "Hidden layer 3 gradients": -4.401415871452246e-05, "Output layer gradients": 0.000107669080711012, "_timestamp": 1662953152.9689384, "Loss": {"min": 0.4999916060089498}, "_runtime": 7.576696395874023, "_step": 49, "_wandb": {"runtime": 20}}