{"Input layer gradients": 1.7818566880931832e-07, "Hidden layer 1 gradients": -6.7286261309061685e-06, "Hidden layer 2 gradients": -1.3531741141431468e-05, "Hidden layer 3 gradients": 2.635393490647704e-05, "Output layer gradients": 0.08299352503930782, "_timestamp": 1662948544.808806, "Loss": {"min": 0.500001562489171}, "_runtime": 7.1463799476623535, "_step": 49, "_wandb": {"runtime": 10}}