{"Input layer gradients": 6.010548695633863e-08, "Hidden layer 1 gradients": -7.561693330921629e-06, "Hidden layer 2 gradients": 1.6147612296749343e-06, "Hidden layer 3 gradients": -3.3484423117760535e-05, "Output layer gradients": 0.055825497082948136, "_timestamp": 1662952330.307101, "Loss": {"min": 0.49999581140027294}, "_runtime": 7.3087708950042725, "_step": 49, "_wandb": {"runtime": 17}}