{"Input layer gradients": 1.4386720981841662e-06, "Hidden layer 1 gradients": 5.709152547261349e-06, "Hidden layer 2 gradients": 3.943320585579431e-06, "Hidden layer 3 gradients": 1.3253800979144519e-05, "Output layer gradients": 3.7929502877953603e-06, "_timestamp": 1662944193.0738683, "Loss": {"min": 0.49998775984222}, "_runtime": 7.135693311691284, "_step": 49, "_wandb": {"runtime": 19}}