{"Input layer gradients": 1.3534321770882411e-06, "Hidden layer 1 gradients": 1.997399688708035e-05, "Hidden layer 2 gradients": -1.375406800787077e-05, "Hidden layer 3 gradients": -6.078552871590299e-05, "Output layer gradients": 6.739463530766598e-05, "_timestamp": 1662953970.6895547, "Loss": {"min": 0.4999966150714466}, "_runtime": 7.374011754989624, "_step": 49, "_wandb": {"runtime": 20}}