{"Input layer gradients": 1.2250573363749283e-20, "Hidden layer 1 gradients": 8.985799831830882e-22, "Hidden layer 2 gradients": -0.001111446308320886, "Hidden layer 3 gradients": 0.003378011836794622, "Output layer gradients": 0.009056894371856448, "_timestamp": 1662941129.9966345, "Loss": {"min": 0.49902381006001756}, "_runtime": 6.97248649597168, "_step": 49, "_wandb": {"runtime": 13}}