{"Input layer gradients": 9.027333984032261e-07, "Hidden layer 1 gradients": 1.235992619820068e-05, "Hidden layer 2 gradients": -5.066450520889497e-06, "Hidden layer 3 gradients": -2.7480814192875177e-05, "Output layer gradients": 4.535549971387831e-06, "_timestamp": 1662953410.7931387, "Loss": {"min": 0.49999240183556426}, "_runtime": 7.433570623397827, "_step": 49, "_wandb": {"runtime": 16}}