{"Input layer gradients": -2.4835373286839535e-08, "Hidden layer 1 gradients": -0.0003311024714880106, "Hidden layer 2 gradients": -0.0004114319584066788, "Hidden layer 3 gradients": 0.005578108791249753, "Output layer gradients": -0.002853094582776315, "_timestamp": 1662941767.439745, "Loss": {"min": 0.49921348851776026}, "_runtime": 7.571985960006714, "_step": 49, "_wandb": {"runtime": 17}}