{"Input layer gradients": -2.1817326844251866e-06, "Hidden layer 1 gradients": 8.723531456236469e-06, "Hidden layer 2 gradients": -1.5634607199361927e-05, "Hidden layer 3 gradients": 0.0003352015927075221, "Output layer gradients": 2.4533732506173966e-05, "_timestamp": 1662946140.8122356, "Loss": {"min": 0.49999571475752064}, "_runtime": 8.62643051147461, "_step": 49, "_wandb": {"runtime": 81}}