{"Input layer gradients": 2.9637697813904952e-08, "Hidden layer 1 gradients": 3.1413310169252995e-07, "Hidden layer 2 gradients": -3.288187677128251e-07, "Hidden layer 3 gradients": 7.838278975915646e-07, "Output layer gradients": 3.173028981788274e-07, "_timestamp": 1662942023.1346142, "Loss": {"min": 0.4987342087087116}, "_runtime": 7.14600133895874, "_step": 49, "_wandb": {"runtime": 15}}