{"Input layer gradients": -1.6248857130095082e-06, "Hidden layer 1 gradients": -2.1461877856052702e-05, "Hidden layer 2 gradients": 7.825380322947941e-05, "Hidden layer 3 gradients": -0.00022565922191951604, "Output layer gradients": 0.00015031613931581548, "_timestamp": 1662944818.1565092, "Loss": {"min": 0.49775060031378915}, "_runtime": 7.83193826675415, "_step": 49, "_wandb": {"runtime": 15}}