{"Input layer": -3.252502568629289e-19, "Hidden layer": -0.00012925001134955899, "Output layer": -0.0037832124403349987, "_timestamp": 1662930166.5866518, "Loss": {"min": 0.4996000593856202}, "_runtime": 6.885844707489014, "_step": 49, "_wandb": {"runtime": 10}}