{"Input layer gradients": -1.792155237526966e-07, "Hidden layer 1 gradients": 2.112696177820547e-05, "Hidden layer 2 gradients": 5.167590935468719e-06, "Hidden layer 3 gradients": -1.8801069725506898e-05, "Output layer gradients": 0.017055496185792607, "_timestamp": 1662942392.682716, "Loss": {"min": 0.49999027253833217}, "_runtime": 6.951072931289673, "_step": 49, "_wandb": {"runtime": 11}}