{"Input layer gradients": 3.65023277361488e-08, "Hidden layer 1 gradients": 1.0154451448876552e-08, "Hidden layer 2 gradients": 1.532424083672851e-08, "Hidden layer 3 gradients": -6.012980606311435e-08, "Output layer gradients": 6.165018999634976e-08, "_timestamp": 1662943509.2944694, "Loss": {"min": 0.49879712150802535}, "_runtime": 7.236337423324585, "_step": 49, "_wandb": {"runtime": 15}}