{"Input layer gradients": 6.979457493057955e-07, "Hidden layer 1 gradients": 1.4970662656163888e-05, "Hidden layer 2 gradients": 3.465588773866643e-05, "Hidden layer 3 gradients": 8.092511504151547e-05, "Output layer gradients": 8.235702241510268e-06, "_timestamp": 1662952130.0340526, "Loss": {"min": 0.49999046423644516}, "_runtime": 7.362634658813477, "_step": 49, "_wandb": {"runtime": 17}}