{"Input layer gradients": -4.535222298981943e-06, "Hidden layer 1 gradients": -2.1586683105196638e-05, "Hidden layer 2 gradients": 3.0333154811965963e-05, "Hidden layer 3 gradients": 0.0005122166793396125, "Output layer gradients": 0.1544907394879852, "_timestamp": 1662943220.1323495, "Loss": {"min": 0.5000106928426914}, "_runtime": 7.008376598358154, "_step": 49, "_wandb": {"runtime": 11}}