{"Input layer": 4.899224960869138e-78, "Hidden layer": 0.0007444234505687042, "Output layer": -0.0013529397869321176, "_timestamp": 1662930025.2964158, "Loss": {"min": 0.49874145437733514}, "_runtime": 6.921119689941406, "_step": 49, "_wandb": {"runtime": 9}}