{"Input layer gradients": 1.2664399197650768e-07, "Hidden layer 1 gradients": -2.407350103137433e-05, "Hidden layer 2 gradients": -5.982901501433729e-05, "Hidden layer 3 gradients": 9.312071381792847e-05, "Output layer gradients": 2.645323075277667e-05, "_timestamp": 1662948249.9574308, "Loss": {"min": 0.49875950533924174}, "_runtime": 7.506046772003174, "_step": 49, "_wandb": {"runtime": 12}}