{"Input layer gradients": -3.409243624092717e-07, "Hidden layer 1 gradients": 7.834526348770227e-05, "Hidden layer 2 gradients": 2.2137831442292654e-05, "Hidden layer 3 gradients": -8.570804424216852e-06, "Output layer gradients": 9.868440533772338e-07, "_timestamp": 1662942632.6824145, "Loss": {"min": 0.49999031480087974}, "_runtime": 7.034672498703003, "_step": 49, "_wandb": {"runtime": 14}}