{"Input layer": {"_type": "histogram", "values": [1, 0, 0, 0, 0, 0, 0, 0, 0, 0, 0, 0, 0, 0, 0, 0, 0, 0, 0, 0, 0, 1, 0, 0, 0, 1, 0, 0, 46, 0, 0, 1], "bins": [-0.006096741329299106, -0.00588038622299924, -0.005664031116699375, -0.005447676010399509, -0.0052313209040996435, -0.005014965797799777, -0.004798610691499912, -0.004582255585200046, -0.004365900478900181, -0.0041495453726003145, -0.003933190266300448, -0.003716835160000583, -0.0035004800537007173, -0.0032841249474008516, -0.003067769841100986, -0.00285141473480112, -0.0026350596285012544, -0.0024187045222013887, -0.002202349415901523, -0.0019859943096016573, -0.0017696392033017911, -0.0015532840970019259, -0.0013369289907020597, -0.0011205738844021944, -0.0009042187781023283, -0.000687863671802463, -0.00047150856550259683, -0.00025515345920273155, -3.8798352902865395e-05, 0.0001775567533969999, 0.00039391185969686604, 0.0006102669659967313, 0.0008266220722965975]}, "Hidden layer": {"_type": "histogram", "values": [47, 1, 1, 0, 0, 0, 0, 0, 0, 0, 0, 0, 0, 0, 0, 0, 0, 0, 0, 0, 0, 0, 0, 0, 0, 0, 0, 0, 0, 0, 0, 1], "bins": [0.0036507413118600923, 0.06253905819905028, 0.12142737508624049, 0.18031569197343067, 0.23920400886062088, 0.2980923257478111, 0.3569806426350013, 0.4158689595221915, 0.4747572764093817, 0.5336455932965718, 0.592533910183762, 0.6514222270709522, 0.7103105439581424, 0.7691988608453326, 0.8280871777325228, 0.886975494619713, 0.9458638115069032, 1.0047521283940934, 1.0636404452812835, 1.1225287621684739, 1.181417079055664, 1.2403053959428543, 1.2991937128300444, 1.3580820297172347, 1.4169703466044248, 1.475858663491615, 1.5347469803788052, 1.5936352972659955, 1.6525236141531856, 1.711411931040376, 1.770300247927566, 1.8291885648147563, 1.8880768817019464]}, "Output layer": {"_type": "histogram", "values": [1, 0, 0, 0, 0, 0, 0, 0, 0, 0, 0, 0, 0, 0, 0, 0, 0, 0, 0, 0, 0, 0, 0, 0, 47, 1, 0, 0, 0, 0, 0, 1], "bins": [-6.3555025938314795, -6.0978633522732375, -5.8402241107149955, -5.582584869156754, -5.324945627598512, -5.06730638604027, -4.809667144482028, -4.552027902923786, -4.294388661365545, -4.036749419807302, -3.779110178249061, -3.521470936690819, -3.263831695132577, -3.0061924535743354, -2.7485532120160934, -2.490913970457852, -2.2332747288996098, -1.9756354873413677, -1.7179962457831257, -1.4603570042248846, -1.2027177626666425, -0.9450785211084005, -0.6874392795501585, -0.42980003799191646, -0.17216079643367443, 0.0854784451245667, 0.34311768668280873, 0.6007569282410508, 0.8583961697992928, 1.1160354113575348, 1.373674652915776, 1.631313894474018, 1.8889531360322596]}, "_timestamp": 1662925003.4843466, "_runtime": 6.8668835163116455, "_step": 1, "_wandb": {"runtime": 9}}