{"Input layer gradients": 1.195965533544924e-06, "Hidden layer 1 gradients": 1.4156637154302109e-05, "Hidden layer 2 gradients": -6.649750969981673e-05, "Hidden layer 3 gradients": 0.015805303577188085, "Output layer gradients": 0.45260096275409567, "_timestamp": 1662948669.6265554, "Loss": {"min": 0.5000799007246906}, "_runtime": 7.344106435775757, "_step": 49, "_wandb": {"runtime": 11}}