{"Input layer gradients": -8.748613702284682e-09, "Hidden layer 1 gradients": -9.151529252467345e-07, "Hidden layer 2 gradients": -9.344662379892149e-07, "Hidden layer 3 gradients": 3.6848471472248935e-06, "Output layer gradients": 0.08187581467340785, "_timestamp": 1662948290.022423, "Loss": {"min": 0.5000002562220194}, "_runtime": 7.360466003417969, "_step": 49, "_wandb": {"runtime": 10}}