{"Input layer gradients": 2.148751945275257e-07, "Hidden layer 1 gradients": 1.0176020617114765e-05, "Hidden layer 2 gradients": 1.1702521268770091e-05, "Hidden layer 3 gradients": 6.639293573517153e-05, "Output layer gradients": 1.8357402541580026e-05, "_timestamp": 1662948717.5894845, "Loss": {"min": 0.49999285030827706}, "_runtime": 7.199592351913452, "_step": 49, "_wandb": {"runtime": 12}}