{"Input layer gradients": -1.5419312898122115e-06, "Hidden layer 1 gradients": 1.2951356004916012e-05, "Hidden layer 2 gradients": -1.4296987984383261e-05, "Hidden layer 3 gradients": -3.979777293971047e-06, "Output layer gradients": 2.562224957892989e-05, "_timestamp": 1662951629.8284633, "Loss": {"min": 0.4999971528990002}, "_runtime": 8.647778272628784, "_step": 49, "_wandb": {"runtime": 16}}