{"Input layer gradients": 2.9429051010048133e-05, "Hidden layer 1 gradients": 0.040658397676280815, "Hidden layer 2 gradients": -0.024010910600977837, "Hidden layer 3 gradients": -0.02817048898092187, "Output layer gradients": -0.03682418416351454, "_timestamp": 1662942152.4275587, "Loss": {"min": 0.49854417215507085}, "_runtime": 7.068394660949707, "_step": 49, "_wandb": {"runtime": 16}}