{"Input layer gradients": 3.1160190510630376e-05, "Hidden layer 1 gradients": 0.0001924899853998414, "Hidden layer 2 gradients": 0.0034686314807343957, "Hidden layer 3 gradients": -0.00036086681047434047, "Output layer gradients": 0.000638660081695927, "_timestamp": 1662951500.4254217, "Loss": {"min": 0.49793721469710683}, "_runtime": 7.447950601577759, "_step": 49, "_wandb": {"runtime": 18}}