{"Input layer gradients": 2.578478594512055e-08, "Hidden layer 1 gradients": 6.170986900719635e-05, "Hidden layer 2 gradients": -0.00024431334244426665, "Hidden layer 3 gradients": 0.0005780849404065102, "Output layer gradients": 0.00048239789086064054, "_timestamp": 1662948502.5508711, "Loss": {"min": 0.4996033309209421}, "_runtime": 7.077455043792725, "_step": 49, "_wandb": {"runtime": 13}}