{"Input layer gradients": 2.805065343247316e-06, "Hidden layer 1 gradients": -0.00012214554729441082, "Hidden layer 2 gradients": 0.0014798628992685116, "Hidden layer 3 gradients": 0.015502727382975486, "Output layer gradients": 0.5386358644037873, "_timestamp": 1662942455.0743124, "Loss": {"min": 0.5000785316357413}, "_runtime": 6.992557525634766, "_step": 49, "_wandb": {"runtime": 11}}