{"Input layer gradients": -1.8037785696374379e-06, "Hidden layer 1 gradients": 1.0199873947443033e-05, "Hidden layer 2 gradients": 2.7322089205614067e-07, "Hidden layer 3 gradients": -2.980201336725563e-05, "Output layer gradients": 0.016802972603120733, "_timestamp": 1662944795.6805532, "Loss": {"min": 0.49999072698567565}, "_runtime": 7.42824125289917, "_step": 49, "_wandb": {"runtime": 13}}