{"Input layer gradients": -1.126624220552843e-06, "Hidden layer 1 gradients": 2.908566823008212e-05, "Hidden layer 2 gradients": 3.486030868134817e-06, "Hidden layer 3 gradients": 5.766544317900022e-05, "Output layer gradients": 4.662715355027713e-06, "_timestamp": 1662943201.5754912, "Loss": {"min": 0.49999009427923774}, "_runtime": 7.050147294998169, "_step": 49, "_wandb": {"runtime": 9}}