{"Input layer gradients": 3.415983339365052e-05, "Hidden layer 1 gradients": 0.006297821003148749, "Hidden layer 2 gradients": -0.0025255213614249587, "Hidden layer 3 gradients": 0.00022880721365240667, "Output layer gradients": -0.006661438720392269, "_timestamp": 1662942089.246855, "Loss": {"min": 0.49871655381241314}, "_runtime": 7.127366065979004, "_step": 49, "_wandb": {"runtime": 13}}