{"Input layer": 1.0557703862177409e-09, "Hidden layer": 7.959680770049978e-08, "Output layer": 4.4545955180704974e-07, "_timestamp": 1662930218.819189, "Loss": {"min": 0.49867964466340936}, "_runtime": 6.883232116699219, "_step": 49, "_wandb": {"runtime": 10}}