{"Input layer gradients": -1.8089291566658047e-05, "Hidden layer 1 gradients": 0.00036975957057856047, "Hidden layer 2 gradients": -0.0016994044266578818, "Hidden layer 3 gradients": 0.0027674324971870457, "Output layer gradients": 0.0016784538055082594, "_timestamp": 1662948691.0095644, "Loss": {"min": 0.49868545994588936}, "_runtime": 7.2335615158081055, "_step": 49, "_wandb": {"runtime": 16}}