{"Input layer gradients": -2.226876689142923e-09, "Hidden layer 1 gradients": 1.630416845806938e-07, "Hidden layer 2 gradients": 1.350120112836517e-06, "Hidden layer 3 gradients": -3.0088600424858892e-06, "Output layer gradients": 7.254391688313003e-06, "_timestamp": 1662953742.4008448, "Loss": {"min": 0.49728397713618394}, "_runtime": 7.323713779449463, "_step": 49, "_wandb": {"runtime": 22}}