{"Input layer gradients": -9.499069349761696e-14, "Hidden layer gradients": -2.569469275095269e-13, "Output layer gradients": 2.5050096445490346e-05, "_timestamp": 1662940079.1876929, "Loss": {"min": 0.5000069590811732}, "_runtime": 7.045028924942017, "_step": 49, "_wandb": {"runtime": 12}}