{"Input layer gradients": -1.0440891989049156e-07, "Hidden layer 1 gradients": -0.0008079923698450694, "Hidden layer 2 gradients": -0.0008048109044848419, "Hidden layer 3 gradients": 0.0025799646475129674, "Output layer gradients": -0.0007258750287198936, "_timestamp": 1662942825.4416785, "Loss": {"min": 0.4997015052291177}, "_runtime": 7.1544976234436035, "_step": 49, "_wandb": {"runtime": 15}}