{"Input layer gradients": 8.444227507130291e-09, "Hidden layer 1 gradients": 0.0004009965259829393, "Hidden layer 2 gradients": -0.002606372667221922, "Hidden layer 3 gradients": 0.00689312223405432, "Output layer gradients": 0.004047112687167378, "_timestamp": 1662944164.295424, "Loss": {"min": 0.4986193418418769}, "_runtime": 7.326394081115723, "_step": 49, "_wandb": {"runtime": 19}}