{"Input layer gradients": -1.4764193821287602e-06, "Hidden layer 1 gradients": 5.790249933040193e-05, "Hidden layer 2 gradients": 1.498556871245451e-05, "Hidden layer 3 gradients": 4.7432114713664365e-05, "Output layer gradients": 3.1844172297956774e-06, "_timestamp": 1662941089.9549034, "Loss": {"min": 0.49998828441816473}, "_runtime": 7.033031463623047, "_step": 49, "_wandb": {"runtime": 14}}