{"Input layer gradients": 1.2930389830913987e-06, "Hidden layer 1 gradients": 2.652729704815243e-06, "Hidden layer 2 gradients": 3.581393957951993e-06, "Hidden layer 3 gradients": -5.187168540371492e-05, "Output layer gradients": 0.0061069390103563465, "_timestamp": 1662952686.4668887, "Loss": {"min": 0.4999928336640471}, "_runtime": 7.223303556442261, "_step": 49, "_wandb": {"runtime": 18}}