{"Input layer gradients": -1.1447925837919148e-217, "Hidden layer 1 gradients": -5.893119759856876e-219, "Hidden layer 2 gradients": -3.5526183830596926e-13, "Hidden layer 3 gradients": 5.77137826170205e-13, "Output layer gradients": 1.4826696814190207e-13, "_timestamp": 1662941647.130846, "Loss": {"min": 0.498746235476439}, "_runtime": 7.024945020675659, "_step": 49, "_wandb": {"runtime": 13}}