{"Input layer": 0.0, "Hidden layer": 0.0, "Output layer": -4.633024928217232, "_timestamp": 1662929972.2037883, "Loss": {"min": 0.49877307017248035}, "_runtime": 6.174105167388916, "_step": 49, "_wandb": {"runtime": 9}}