{"Input layer": -7.421032193677117e-11, "Hidden layer": 0.018943722658996413, "Output layer": -4.622623425751744, "_timestamp": 1662925427.4694607, "Loss": {"min": 0.5012856368153527}, "_runtime": 6.868241786956787, "_step": 49, "_wandb": {"runtime": 9}}