{"Input layer gradients": 6.595373828305837e-06, "Hidden layer 1 gradients": 9.444574237275529e-05, "Hidden layer 2 gradients": 0.00014469624666519485, "Hidden layer 3 gradients": 7.923594147679364e-05, "Output layer gradients": 0.005783314166453016, "_timestamp": 1662940854.8963084, "Loss": {"min": 0.4999913395998523}, "_runtime": 6.914549350738525, "_step": 49, "_wandb": {"runtime": 11}}