{"Input layer gradients": -1.8959636919866339e-07, "Hidden layer 1 gradients": 2.223750128146126e-05, "Hidden layer 2 gradients": 5.403758789818192e-05, "Hidden layer 3 gradients": -6.0767921902552917e-05, "Output layer gradients": 6.229806674443447e-05, "_timestamp": 1662943951.5735946, "Loss": {"min": 0.49947776374766906}, "_runtime": 7.2569825649261475, "_step": 49, "_wandb": {"runtime": 12}}