{"Input layer gradients": 4.69127203149224e-10, "Hidden layer 1 gradients": 0.0013844420106184346, "Hidden layer 2 gradients": -0.0005196634784278093, "Hidden layer 3 gradients": 0.0018567319445912972, "Output layer gradients": 0.0005246198842967719, "_timestamp": 1662941380.567301, "Loss": {"min": 0.4986349570641553}, "_runtime": 6.980049133300781, "_step": 49, "_wandb": {"runtime": 13}}