{"Input layer gradients": -1.0609741021476846e-06, "Hidden layer 1 gradients": 1.184347280542611e-05, "Hidden layer 2 gradients": 9.211963553323834e-06, "Hidden layer 3 gradients": -1.4672419764868013e-05, "Output layer gradients": 9.151362038314903e-06, "_timestamp": 1662948269.9952269, "Loss": {"min": 0.49998194788208256}, "_runtime": 6.997913837432861, "_step": 49, "_wandb": {"runtime": 11}}