{"Input layer gradients": 6.885796533548812e-07, "Hidden layer 1 gradients": 1.5845599693252635e-05, "Hidden layer 2 gradients": -7.519498068607054e-06, "Hidden layer 3 gradients": 8.734297777130943e-05, "Output layer gradients": 2.5696843085343257e-06, "_timestamp": 1662946762.6644032, "Loss": {"min": 0.4999957450367095}, "_runtime": 8.24211311340332, "_step": 49, "_wandb": {"runtime": 89}}