{"Input layer gradients": 1.7689760647338688e-06, "Hidden layer 1 gradients": 1.637179635186807e-06, "Hidden layer 2 gradients": -3.253645578414165e-06, "Hidden layer 3 gradients": -4.84863344029493e-05, "Output layer gradients": 0.04283954143931604, "_timestamp": 1662953015.2761402, "Loss": {"min": 0.49999385838622334}, "_runtime": 7.282501220703125, "_step": 49, "_wandb": {"runtime": 16}}