{"Input layer gradients": 5.151671229826403e-23, "Hidden layer gradients": 1.874900835575235e-06, "Output layer gradients": -2.481405942797089e-05, "_timestamp": 1662935585.299702, "Loss": {"min": 0.49999702101239596}, "_runtime": 6.922680854797363, "_step": 49, "_wandb": {"runtime": 13}}