{"Input layer gradients": 3.9898613009859394e-07, "Hidden layer 1 gradients": -6.352677233548256e-05, "Hidden layer 2 gradients": 2.317495119933061e-06, "Hidden layer 3 gradients": 0.00037346835303743545, "Output layer gradients": 0.16817623118826833, "_timestamp": 1662944291.9074805, "Loss": {"min": 0.5000103422569271}, "_runtime": 7.0123045444488525, "_step": 49, "_wandb": {"runtime": 12}}