{"Input layer gradients": -1.0951243650750089e-06, "Hidden layer 1 gradients": -2.990101464302765e-07, "Hidden layer 2 gradients": -2.5031319690769786e-05, "Hidden layer 3 gradients": 0.0001327431499552449, "Output layer gradients": 0.020660182510450945, "_timestamp": 1662953268.4237149, "Loss": {"min": 0.4999978818758695}, "_runtime": 7.150994777679443, "_step": 49, "_wandb": {"runtime": 19}}