{"Input layer gradients": 4.509287901468125e-12, "Hidden layer 1 gradients": -2.444188918495192e-10, "Hidden layer 2 gradients": -2.3371449888906715e-09, "Hidden layer 3 gradients": 2.9078416212207353e-09, "Output layer gradients": 5.9361745401034875e-09, "_timestamp": 1662951410.2670243, "Loss": {"min": 0.49823681413898835}, "_runtime": 7.501535177230835, "_step": 49, "_wandb": {"runtime": 18}}