{"Input layer gradients": -1.897813254740455e-06, "Hidden layer 1 gradients": -4.270993635943097e-05, "Hidden layer 2 gradients": 0.00014630828985092033, "Hidden layer 3 gradients": 0.002433269163496521, "Output layer gradients": 0.24554138199257722, "_timestamp": 1662943147.3277452, "Loss": {"min": 0.5000264105372807}, "_runtime": 7.012880086898804, "_step": 49, "_wandb": {"runtime": 11}}