{"Input layer gradients": 3.7727110040309044e-06, "Hidden layer gradients": 0.08231979421185764, "Output layer gradients": 1.1665682190306355, "_timestamp": 1662935344.9836602, "Loss": {"min": 0.5002098326009767}, "_runtime": 6.986367225646973, "_step": 49, "_wandb": {"runtime": 13}}