{"Input layer gradients": 1.51276472826101e-09, "Hidden layer 1 gradients": 0.00016169225025972685, "Hidden layer 2 gradients": -0.0003701209494239676, "Hidden layer 3 gradients": 0.0009027030158204004, "Output layer gradients": 0.0005818616108646037, "_timestamp": 1662945028.3289778, "Loss": {"min": 0.4982403407858755}, "_runtime": 7.340618848800659, "_step": 49, "_wandb": {"runtime": 15}}