{"Input layer gradients": 5.55372165918524e-07, "Hidden layer 1 gradients": 3.717063872891243e-06, "Hidden layer 2 gradients": 1.2335894633761781e-05, "Hidden layer 3 gradients": 0.0005891592762892323, "Output layer gradients": 1.228311044247643e-05, "_timestamp": 1662951537.1545725, "Loss": {"min": 0.4999887491547095}, "_runtime": 9.885372400283813, "_step": 49, "_wandb": {"runtime": 20}}