{"Input layer gradients": -2.2162734784313777e-08, "Hidden layer 1 gradients": -0.0016446498347049727, "Hidden layer 2 gradients": -0.003691107120544655, "Hidden layer 3 gradients": 0.004941415990704706, "Output layer gradients": 0.002071052728777222, "_timestamp": 1662943873.4191823, "Loss": {"min": 0.4985110748530657}, "_runtime": 7.157354354858398, "_step": 49, "_wandb": {"runtime": 21}}