{"Input layer gradients": -4.4976320161929024e-08, "Hidden layer 1 gradients": -5.367526248844871e-06, "Hidden layer 2 gradients": 3.22823056256221e-07, "Hidden layer 3 gradients": 9.825294187501626e-05, "Output layer gradients": 0.12519380712231118, "_timestamp": 1662944439.5383797, "Loss": {"min": 0.500004659190689}, "_runtime": 8.811929702758789, "_step": 49, "_wandb": {"runtime": 16}}