{"Input layer gradients": -1.3289673199375597e-07, "Hidden layer 1 gradients": -2.4602041764563476e-06, "Hidden layer 2 gradients": 4.4981869890407735e-05, "Hidden layer 3 gradients": -8.933780520269596e-05, "Output layer gradients": 0.00017138782329874608, "_timestamp": 1662942411.0978432, "Loss": {"min": 0.49875284920716084}, "_runtime": 7.010695219039917, "_step": 49, "_wandb": {"runtime": 14}}