{"Input layer gradients": -0.00048449843261026855, "Hidden layer gradients": 0.0359976135438671, "Output layer gradients": 0.5652791437104978, "_timestamp": 1662935252.0773141, "Loss": {"min": 0.500137946731811}, "_runtime": 7.0021350383758545, "_step": 49, "_wandb": {"runtime": 12}}