{"Input layer gradients": -4.107514689909277e-07, "Hidden layer 1 gradients": -4.9099835416100574e-05, "Hidden layer 2 gradients": -0.002318541541611766, "Hidden layer 3 gradients": 0.0033402921615599767, "Output layer gradients": 0.0024680570865479993, "_timestamp": 1662952440.319837, "Loss": {"min": 0.4986993049910753}, "_runtime": 7.517819166183472, "_step": 49, "_wandb": {"runtime": 18}}