{"Input layer gradients": -3.0228216045662353e-06, "Hidden layer 1 gradients": -0.00034647502359544136, "Hidden layer 2 gradients": -0.00012294403214926065, "Hidden layer 3 gradients": 0.0009846868687051404, "Output layer gradients": 0.23235105882003104, "_timestamp": 1662941239.4565754, "Loss": {"min": 0.5000171749294448}, "_runtime": 7.116364479064941, "_step": 49, "_wandb": {"runtime": 11}}