{"Input layer gradients": 6.824971608402872e-07, "Hidden layer 1 gradients": -9.25390568163738e-06, "Hidden layer 2 gradients": -1.7428280973086082e-05, "Hidden layer 3 gradients": -0.00016082160429331028, "Output layer gradients": 0.09017540412298079, "_timestamp": 1662951115.769337, "Loss": {"min": 0.5000048275344022}, "_runtime": 7.770159006118774, "_step": 49, "_wandb": {"runtime": 24}}