{"Input layer gradients": 1.4833786446222847e-07, "Hidden layer 1 gradients": 2.020616468583756e-05, "Hidden layer 2 gradients": 1.437316157028699e-05, "Hidden layer 3 gradients": 0.00011141604621541427, "Output layer gradients": 6.184788854779466e-06, "_timestamp": 1662948465.454409, "Loss": {"min": 0.49998888009323145}, "_runtime": 7.1336729526519775, "_step": 49, "_wandb": {"runtime": 11}}