{"Input layer gradients": -1.5529737584154892e-05, "Hidden layer 1 gradients": 0.00026065841259760667, "Hidden layer 2 gradients": 0.002039198498547336, "Hidden layer 3 gradients": 0.0026914890656445254, "Output layer gradients": 0.005098966078954592, "_timestamp": 1662944886.5525117, "Loss": {"min": 0.4994107304401733}, "_runtime": 7.420409679412842, "_step": 49, "_wandb": {"runtime": 15}}