{"Input layer gradients": 7.637492193142231e-11, "Hidden layer 1 gradients": 6.887625118994355e-10, "Hidden layer 2 gradients": 1.329828253914105e-09, "Hidden layer 3 gradients": -2.7763451779268057e-09, "Output layer gradients": 1.2623331993690396e-09, "_timestamp": 1662945709.3506682, "Loss": {"min": 0.4969751187704595}, "_runtime": 8.211238145828247, "_step": 49, "_wandb": {"runtime": 92}}