{"Input layer gradients": -1.0596287995842637e-07, "Hidden layer 1 gradients": -5.678741919946107e-05, "Hidden layer 2 gradients": -5.6205487988817935e-06, "Hidden layer 3 gradients": 3.147762280914327e-05, "Output layer gradients": 0.09738214473260144, "_timestamp": 1662941048.8189878, "Loss": {"min": 0.5000017460790477}, "_runtime": 7.056006908416748, "_step": 49, "_wandb": {"runtime": 11}}