{"Input layer gradients": 3.2990024494146213e-06, "Hidden layer 1 gradients": 9.914124282168883e-05, "Hidden layer 2 gradients": 2.4099653567225066e-05, "Hidden layer 3 gradients": 7.099562461021993e-05, "Output layer gradients": 5.943997772199505e-05, "_timestamp": 1662942714.5702598, "Loss": {"min": 0.4999941752630387}, "_runtime": 7.210561752319336, "_step": 49, "_wandb": {"runtime": 13}}