{"Input layer gradients": -1.3142809882987836e-05, "Hidden layer 1 gradients": -0.001776197558494266, "Hidden layer 2 gradients": -0.00024876487290221, "Hidden layer 3 gradients": -0.0007029952263869057, "Output layer gradients": 0.004549627786291638, "_timestamp": 1662941007.8672538, "Loss": {"min": 0.4978781827664188}, "_runtime": 7.000018835067749, "_step": 49, "_wandb": {"runtime": 13}}