{"Input layer gradients": -2.328957660502967e-06, "Hidden layer 1 gradients": 1.883318242409466e-05, "Hidden layer 2 gradients": -6.335804582764101e-06, "Hidden layer 3 gradients": -2.69291052675674e-05, "Output layer gradients": 2.6074976151674312e-05, "_timestamp": 1662945827.1422276, "Loss": {"min": 0.4999980040695717}, "_runtime": 8.292086601257324, "_step": 49, "_wandb": {"runtime": 80}}