{"Input layer gradients": -6.7010759611519885e-12, "Hidden layer 1 gradients": -1.3462330908053889e-09, "Hidden layer 2 gradients": 3.807336709804428e-09, "Hidden layer 3 gradients": -4.567777833893136e-09, "Output layer gradients": 4.841276547280971e-09, "_timestamp": 1662941317.7226777, "Loss": {"min": 0.4976025863944561}, "_runtime": 7.500905752182007, "_step": 49, "_wandb": {"runtime": 14}}