{"Input layer gradients": 1.7605907830194081e-06, "Hidden layer 1 gradients": 3.5277627821710636e-05, "Hidden layer 2 gradients": 7.531749337817964e-07, "Hidden layer 3 gradients": -5.27236337838601e-05, "Output layer gradients": 2.352995863093288e-05, "_timestamp": 1662945132.3770497, "Loss": {"min": 0.4999950831332777}, "_runtime": 14.489615678787231, "_step": 49, "_wandb": {"runtime": 387}}