{"Input layer gradients": -3.3290866161935885e-07, "Hidden layer 1 gradients": -3.2297088106969724e-05, "Hidden layer 2 gradients": -3.3857572274787655e-05, "Hidden layer 3 gradients": 7.553850216414664e-05, "Output layer gradients": 0.10044572008690093, "_timestamp": 1662944361.0548964, "Loss": {"min": 0.500002906406981}, "_runtime": 7.1125524044036865, "_step": 49, "_wandb": {"runtime": 12}}