{"Input layer": {"_type": "histogram", "values": [1, 0, 0, 47, 0, 0, 1, 0, 0, 0, 0, 0, 0, 0, 0, 0, 0, 0, 0, 0, 0, 0, 0, 0, 0, 0, 0, 0, 0, 0, 0, 1], "bins": [-0.00035101880816967504, -0.000250054908019166, -0.0001490910078686569, -4.8127107718147846e-05, 5.283679243236122e-05, 0.00015380069258287028, 0.00025476459273337935, 0.0003557284928838884, 0.0004566923930343975, 0.0005576562931849066, 0.0006586201933354156, 0.0007595840934859245, 0.0008605479936364337, 0.0009615118937869429, 0.0010624757939374518, 0.0011634396940879608, 0.00126440359423847, 0.0013653674943889791, 0.001466331394539488, 0.001567295294689997, 0.0016682591948405062, 0.0017692230949910154, 0.0018701869951415241, 0.0019711508952920333, 0.0020721147954425425, 0.0021730786955930516, 0.002274042595743561, 0.0023750064958940695, 0.0024759703960445787, 0.002576934296195088, 0.0026778981963455966, 0.002778862096496106, 0.002879825996646615]}, "Hidden layer": {"_type": "histogram", "values": [44, 3, 1, 0, 0, 0, 1, 0, 0, 0, 0, 0, 0, 0, 0, 0, 0, 0, 0, 0, 0, 0, 0, 0, 0, 0, 0, 0, 0, 0, 0, 1], "bins": [-0.0035764342495459285, 0.052150796061816704, 0.10787802637317934, 0.16360525668454198, 0.2193324869959046, 0.27505971730726725, 0.3307869476186299, 0.38651417792999254, 0.44224140824135516, 0.4979686385527178, 0.5536958688640804, 0.609423099175443, 0.6651503294868057, 0.7208775597981684, 0.776604790109531, 0.8323320204208936, 0.8880592507322562, 0.9437864810436188, 0.9995137113549815, 1.0552409416663442, 1.1109681719777067, 1.1666954022890694, 1.222422632600432, 1.2781498629117947, 1.3338770932231574, 1.38960432353452, 1.4453315538458826, 1.5010587841572451, 1.5567860144686079, 1.6125132447799704, 1.668240475091333, 1.7239677054026956, 1.7796949357140583]}, "Output layer": {"_type": "histogram", "values": [1, 0, 0, 0, 0, 0, 0, 0, 0, 0, 0, 0, 0, 0, 0, 0, 0, 0, 0, 0, 1, 0, 43, 4, 0, 0, 0, 0, 0, 0, 0, 1], "bins": [-5.84883579344331, -5.592845808735498, -5.336855824027685, -5.0808658393198725, -4.82487585461206, -4.568885869904247, -4.3128958851964345, -4.056905900488623, -3.8009159157808097, -3.544925931072997, -3.2889359463651844, -3.0329459616573717, -2.7769559769495595, -2.520965992241747, -2.2649760075339342, -2.0089860228261216, -1.752996038118309, -1.4970060534104963, -1.2410160687026837, -0.985026083994871, -0.7290360992870584, -0.4730461145792457, -0.21705612987143308, 0.03893385483637957, 0.2949238395441913, 0.550913824252004, 0.8069038089598166, 1.0628937936676293, 1.318883778375442, 1.5748737630832546, 1.8308637477910672, 2.08685373249888, 2.3428437172066925]}, "_timestamp": 1662924971.05934, "_runtime": 7.107814073562622, "_step": 1, "_wandb": {"runtime": 8}}