{"Input layer gradients": 3.232403550597652e-06, "Hidden layer 1 gradients": -3.009094167797674e-05, "Hidden layer 2 gradients": 0.00030815547625036034, "Hidden layer 3 gradients": 0.004718604780276753, "Output layer gradients": 0.33183631640376143, "_timestamp": 1662946247.9598837, "Loss": {"min": 0.5000349130481422}, "_runtime": 8.64274263381958, "_step": 49, "_wandb": {"runtime": 81}}