{"Input layer gradients": 1.7194314081691904e-06, "Hidden layer 1 gradients": 3.280123690027214e-05, "Hidden layer 2 gradients": 6.547235967824667e-05, "Hidden layer 3 gradients": 5.8611631551933036e-05, "Output layer gradients": 6.842533273644646e-05, "_timestamp": 1662948398.1501663, "Loss": {"min": 0.49999240928823985}, "_runtime": 7.594081163406372, "_step": 49, "_wandb": {"runtime": 21}}