{"Input layer gradients": 3.5515210200951386e-06, "Hidden layer 1 gradients": -4.418209662514423e-05, "Hidden layer 2 gradients": -0.00020180128609075063, "Hidden layer 3 gradients": 0.0013413592112504066, "Output layer gradients": 0.0028927271494096664, "_timestamp": 1662953125.2457724, "Loss": {"min": 0.49797131554022556}, "_runtime": 7.180234432220459, "_step": 49, "_wandb": {"runtime": 17}}