{"Input layer gradients": -1.3848537788527427e-06, "Hidden layer 1 gradients": 2.663738455004671e-06, "Hidden layer 2 gradients": -4.887327074624706e-06, "Hidden layer 3 gradients": 0.0020486555113473737, "Output layer gradients": 0.2655289829966524, "_timestamp": 1662943996.1821737, "Loss": {"min": 0.5000301268821753}, "_runtime": 7.101064682006836, "_step": 49, "_wandb": {"runtime": 13}}