{"Input layer gradients": 8.984084912152597e-08, "Hidden layer 1 gradients": 8.605487508861889e-06, "Hidden layer 2 gradients": 7.10805393848244e-05, "Hidden layer 3 gradients": 0.0003963200414802839, "Output layer gradients": 7.532677176402824e-06, "_timestamp": 1662953239.2464235, "Loss": {"min": 0.49999660863633255}, "_runtime": 7.2676215171813965, "_step": 49, "_wandb": {"runtime": 18}}