{"Input layer gradients": 1.8582217928989265e-06, "Hidden layer 1 gradients": -1.5563819087523457e-05, "Hidden layer 2 gradients": 1.0919195425317232e-05, "Hidden layer 3 gradients": 0.00010133359251458225, "Output layer gradients": 0.10877590479367685, "_timestamp": 1662941874.2952073, "Loss": {"min": 0.5000035631993617}, "_runtime": 6.958198308944702, "_step": 49, "_wandb": {"runtime": 14}}