{"Input layer gradients": 3.4367345649890087e-07, "Hidden layer 1 gradients": 0.00011509741716790132, "Hidden layer 2 gradients": 9.350019252386462e-05, "Hidden layer 3 gradients": 0.0001534651082793332, "Output layer gradients": 1.3052045356065634e-05, "_timestamp": 1662948210.576423, "Loss": {"min": 0.49999300161588145}, "_runtime": 7.273032903671265, "_step": 49, "_wandb": {"runtime": 11}}