{"Input layer gradients": -5.163506234614531e-08, "Hidden layer 1 gradients": 3.271621601164876e-06, "Hidden layer 2 gradients": -6.223697168175122e-07, "Output layer gradients": 0.06364572115679602, "_timestamp": 1662937735.9425318, "Loss": {"min": 0.49999990969218455}, "_runtime": 6.9527268409729, "_step": 49, "_wandb": {"runtime": 11}}