{"Input layer gradients": -2.9972045804397087e-06, "Hidden layer 1 gradients": 1.2716488622355672e-05, "Hidden layer 2 gradients": 0.00018788253423664692, "Hidden layer 3 gradients": 0.005239308109339764, "Output layer gradients": 0.34986558537001244, "_timestamp": 1662953436.0324945, "Loss": {"min": 0.5000385119278736}, "_runtime": 7.451015472412109, "_step": 49, "_wandb": {"runtime": 17}}