{"Input layer gradients": -1.7877399582644e-07, "Hidden layer 1 gradients": -2.4732719267143273e-08, "Hidden layer 2 gradients": 7.246418019626807e-08, "Hidden layer 3 gradients": 0.00039260682991393205, "Output layer gradients": 5.860018962376701e-06, "_timestamp": 1662944910.4899123, "Loss": {"min": 0.49998753145255165}, "_runtime": 7.261149168014526, "_step": 49, "_wandb": {"runtime": 13}}