{"Input layer gradients": 1.8493247444856094e-07, "Hidden layer 1 gradients": 2.2503573615468778e-05, "Hidden layer 2 gradients": 3.128219232891085e-05, "Hidden layer 3 gradients": 0.0001575171606263566, "Output layer gradients": 5.031892343243527e-06, "_timestamp": 1662952911.0127757, "Loss": {"min": 0.49999096311186914}, "_runtime": 7.2652575969696045, "_step": 49, "_wandb": {"runtime": 15}}