{"Input layer gradients": 1.0978597057736388e-06, "Hidden layer 1 gradients": -2.9406206701611904e-07, "Hidden layer 2 gradients": -2.6263929507136918e-06, "Hidden layer 3 gradients": -7.269998563312754e-06, "Output layer gradients": 4.2135960705291797e-07, "_timestamp": 1662943263.2594702, "Loss": {"min": 0.4999884147501146}, "_runtime": 7.027010202407837, "_step": 49, "_wandb": {"runtime": 13}}