{"Input layer gradients": 1.0734481672156424e-07, "Hidden layer 1 gradients": 6.405638473264238e-06, "Hidden layer 2 gradients": 0.00017997109512589172, "Hidden layer 3 gradients": 8.331571707300637e-05, "Output layer gradients": 7.404608857591866e-06, "_timestamp": 1662947944.9702842, "Loss": {"min": 0.4999909172628601}, "_runtime": 9.406796216964722, "_step": 49, "_wandb": {"runtime": 68}}