{"Input layer gradients": 1.093329734501781e-06, "Hidden layer 1 gradients": -2.430390723289458e-05, "Hidden layer 2 gradients": 5.730518411143617e-06, "Hidden layer 3 gradients": 0.0002444751976289741, "Output layer gradients": 0.14103486701996099, "_timestamp": 1662948947.6226497, "Loss": {"min": 0.500006940145587}, "_runtime": 7.002728700637817, "_step": 49, "_wandb": {"runtime": 12}}