{"Input layer gradients": 8.982140052184502e-06, "Hidden layer 1 gradients": 4.1006297390091496e-05, "Hidden layer 2 gradients": -2.5843766284837724e-06, "Hidden layer 3 gradients": -3.722202926572438e-05, "Output layer gradients": 0.014270163118839538, "_timestamp": 1662941686.842685, "Loss": {"min": 0.4999909520759729}, "_runtime": 6.959714889526367, "_step": 49, "_wandb": {"runtime": 11}}