{"Input layer gradients": 8.355181354325339e-10, "Hidden layer 1 gradients": -2.941932998199841e-05, "Hidden layer 2 gradients": -0.0007757040827230026, "Hidden layer 3 gradients": 0.00446566913701021, "Output layer gradients": 0.0022952519189655936, "_timestamp": 1662941833.157541, "Loss": {"min": 0.4993970803158444}, "_runtime": 7.077875137329102, "_step": 49, "_wandb": {"runtime": 14}}