{"Input layer gradients": -2.0672691287085006e-06, "Hidden layer 1 gradients": -3.7760524435332594e-05, "Hidden layer 2 gradients": 4.920973523821891e-05, "Hidden layer 3 gradients": 0.00036306697847407585, "Output layer gradients": 0.15020051838670978, "_timestamp": 1662951659.6982448, "Loss": {"min": 0.5000052617973333}, "_runtime": 8.54876971244812, "_step": 49, "_wandb": {"runtime": 16}}