{"Input layer gradients": 1.0660123974136683e-05, "Hidden layer 1 gradients": -6.000879979924968e-06, "Hidden layer 2 gradients": -0.001014665380744559, "Hidden layer 3 gradients": 0.003056788638763126, "Output layer gradients": 0.006008553886922614, "_timestamp": 1662952800.7396152, "Loss": {"min": 0.49842024305191046}, "_runtime": 7.359555244445801, "_step": 49, "_wandb": {"runtime": 17}}