{"Input layer gradients": -3.0681762174524316e-08, "Hidden layer 1 gradients": 3.0292664510040893e-05, "Hidden layer 2 gradients": 4.056044884175403e-05, "Hidden layer 3 gradients": -5.14279515912906e-05, "Output layer gradients": 2.6633645651845343e-05, "_timestamp": 1662942686.4118056, "Loss": {"min": 0.49766985139033193}, "_runtime": 7.668998718261719, "_step": 49, "_wandb": {"runtime": 19}}