{"Input layer": -7.321808945607822e-12, "Hidden layer": -5.167365632047326e-12, "Output layer": -4.633024928220845, "_timestamp": 1662930149.2956023, "Loss": {"min": 0.49779495524791567}, "_runtime": 6.937445402145386, "_step": 49, "_wandb": {"runtime": 10}}