{"Input layer gradients": -4.2630491168092267e-07, "Hidden layer 1 gradients": -3.170716486988472e-05, "Hidden layer 2 gradients": 6.30971370917078e-07, "Hidden layer 3 gradients": 9.356547750436399e-05, "Output layer gradients": 0.11052496376133647, "_timestamp": 1662940988.2524164, "Loss": {"min": 0.5000039214985679}, "_runtime": 7.091914415359497, "_step": 49, "_wandb": {"runtime": 11}}