{"Input layer gradients": -3.498033834354122e-07, "Hidden layer 1 gradients": 4.577702879804156e-06, "Hidden layer 2 gradients": -1.3024247060341245e-06, "Hidden layer 3 gradients": -1.3606877875616629e-05, "Output layer gradients": 9.571716055034596e-07, "_timestamp": 1662943751.386858, "Loss": {"min": 0.4999697739886947}, "_runtime": 7.317167043685913, "_step": 49, "_wandb": {"runtime": 15}}