{"Input layer gradients": 7.812935565221303e-07, "Hidden layer 1 gradients": -0.00013465791985786902, "Hidden layer 2 gradients": -6.489410047542711e-05, "Hidden layer 3 gradients": -0.0001244560905868373, "Output layer gradients": 0.0002463651077199233, "_timestamp": 1662942288.1109989, "Loss": {"min": 0.4979298831652026}, "_runtime": 7.038550853729248, "_step": 49, "_wandb": {"runtime": 13}}