{"Input layer gradients": 4.375351044888042e-08, "Hidden layer 1 gradients": 0.0034860897220705097, "Hidden layer 2 gradients": -0.004150463645656468, "Hidden layer 3 gradients": 0.006555616814472795, "Output layer gradients": 0.0034947979391487215, "_timestamp": 1662940589.4986916, "Loss": {"min": 0.4985509493082997}, "_runtime": 6.96890664100647, "_step": 49, "_wandb": {"runtime": 10}}