{"Input layer gradients": 1.1340388357434914e-07, "Hidden layer 1 gradients": -0.00026428019412709156, "Hidden layer 2 gradients": -0.0006209775757594314, "Hidden layer 3 gradients": 0.003291230020590183, "Output layer gradients": 0.0009723619688778192, "_timestamp": 1662943240.673725, "Loss": {"min": 0.49912514785732437}, "_runtime": 6.991750001907349, "_step": 49, "_wandb": {"runtime": 13}}