{"Input layer gradients": 1.4467098281863285e-06, "Hidden layer 1 gradients": 1.0087362661916985e-05, "Hidden layer 2 gradients": 0.00013315285298858023, "Hidden layer 3 gradients": 0.0001295460461006206, "Output layer gradients": 3.0441052446664174e-05, "_timestamp": 1662952827.6476924, "Loss": {"min": 0.4999909379661861}, "_runtime": 7.2221643924713135, "_step": 49, "_wandb": {"runtime": 18}}