{"Input layer gradients": -5.978310581799004e-05, "Hidden layer 1 gradients": -0.001817530900733538, "Hidden layer 2 gradients": -0.004113284057926814, "Hidden layer 3 gradients": 0.002997134246803115, "Output layer gradients": -0.00663759099343824, "_timestamp": 1662951935.9824023, "Loss": {"min": 0.4990623869591146}, "_runtime": 7.6313042640686035, "_step": 49, "_wandb": {"runtime": 17}}