{"Input layer gradients": 0.00018442882970949308, "Hidden layer 1 gradients": -0.005297595332434206, "Hidden layer 2 gradients": -0.0009377503215367636, "Hidden layer 3 gradients": -0.014481252601544804, "Output layer gradients": 0.014708419485329624, "_timestamp": 1662942474.0794053, "Loss": {"min": 0.4979394380036118}, "_runtime": 7.050365209579468, "_step": 49, "_wandb": {"runtime": 13}}