{"Input layer gradients": 4.2421407878651284e-14, "Hidden layer 1 gradients": -4.731641058557566e-10, "Hidden layer 2 gradients": 2.0352767936684587e-09, "Hidden layer 3 gradients": -3.959028159448656e-09, "Output layer gradients": 4.883782559302737e-09, "_timestamp": 1662943661.0468256, "Loss": {"min": 0.4976792054600016}, "_runtime": 6.996439695358276, "_step": 49, "_wandb": {"runtime": 14}}