{"Input layer gradients": -4.126885274168088e-12, "Hidden layer gradients": -2.0746453295904517e-12, "Output layer gradients": -0.0014293430127931632, "_timestamp": 1662939971.2900403, "Loss": {"min": 0.49861092149270436}, "_runtime": 6.134372234344482, "_step": 49, "_wandb": {"runtime": 12}}