{"Input layer gradients": 9.860391625005577e-09, "Hidden layer 1 gradients": -7.11674357885031e-05, "Hidden layer 2 gradients": -0.0005260121803527067, "Hidden layer 3 gradients": 0.002847704979147209, "Output layer gradients": 0.000794729941015204, "_timestamp": 1662943306.7948787, "Loss": {"min": 0.49948735348408235}, "_runtime": 7.0832977294921875, "_step": 49, "_wandb": {"runtime": 13}}