{"Input layer gradients": 1.4674309462572878e-10, "Hidden layer 1 gradients": 5.297843388973088e-10, "Hidden layer 2 gradients": 2.4058642766938603e-09, "Hidden layer 3 gradients": -3.589015687981383e-09, "Output layer gradients": 8.611680030192822e-09, "_timestamp": 1662951686.1808023, "Loss": {"min": 0.49821601576454805}, "_runtime": 7.417714357376099, "_step": 49, "_wandb": {"runtime": 15}}