{"Input layer gradients": -4.847534897832659e-06, "Hidden layer 1 gradients": 6.617396909907074e-06, "Hidden layer 2 gradients": -0.00032418392970591585, "Hidden layer 3 gradients": 0.0009433025662011688, "Output layer gradients": 0.0002214899684586947, "_timestamp": 1662953941.0605628, "Loss": {"min": 0.4986678486494238}, "_runtime": 7.194946765899658, "_step": 49, "_wandb": {"runtime": 18}}