{"Input layer gradients": -3.9478654956714116e-07, "Hidden layer 1 gradients": -7.964511221627388e-06, "Hidden layer 2 gradients": 2.9917615352884835e-06, "Hidden layer 3 gradients": 2.2562174881818233e-05, "Output layer gradients": 0.07567108391895548, "_timestamp": 1662945077.6969206, "Loss": {"min": 0.5000011942110351}, "_runtime": 7.223766565322876, "_step": 49, "_wandb": {"runtime": 13}}