{"Input layer gradients": 1.4933868124536653e-06, "Hidden layer 1 gradients": -0.00012334821967880307, "Hidden layer 2 gradients": 0.0003097435815679278, "Hidden layer 3 gradients": 0.011003830391082216, "Output layer gradients": 0.45124632143401033, "_timestamp": 1662944222.9116733, "Loss": {"min": 0.5000646753503641}, "_runtime": 7.232976198196411, "_step": 49, "_wandb": {"runtime": 10}}