{"Input layer gradients": -4.6965538557122015e-06, "Hidden layer 1 gradients": 3.4293528157588226e-05, "Hidden layer 2 gradients": 0.0002712770706889495, "Hidden layer 3 gradients": 0.027621651836385583, "Output layer gradients": 0.5531452319324174, "_timestamp": 1662943562.0797393, "Loss": {"min": 0.5000873063329375}, "_runtime": 7.208725214004517, "_step": 49, "_wandb": {"runtime": 19}}