{"Input layer gradients": -7.221794664923383e-08, "Hidden layer 1 gradients": -5.371182094772349e-06, "Hidden layer 2 gradients": -7.326312759862731e-06, "Hidden layer 3 gradients": -3.462088722909967e-05, "Output layer gradients": 2.2711028814931256e-06, "_timestamp": 1662953492.5857046, "Loss": {"min": 0.49997949684102777}, "_runtime": 7.2523345947265625, "_step": 49, "_wandb": {"runtime": 19}}