{"Input layer gradients": 4.165669436410523e-17, "Hidden layer 1 gradients": -2.68229869641647e-16, "Hidden layer 2 gradients": 2.0546813337984117e-14, "Hidden layer 3 gradients": -2.185969822552052e-14, "Output layer gradients": 6.6146203752329515e-15, "_timestamp": 1662953553.3767476, "Loss": {"min": 0.49738345049578414}, "_runtime": 7.73868465423584, "_step": 49, "_wandb": {"runtime": 23}}