{"Input layer gradients": 8.554216527352531e-08, "Hidden layer 1 gradients": 4.5480523748391694e-05, "Hidden layer 2 gradients": 1.6987768913690096e-05, "Hidden layer 3 gradients": 0.0003616606055181763, "Output layer gradients": 7.168055591727507e-06, "_timestamp": 1662942433.546804, "Loss": {"min": 0.4999885204620054}, "_runtime": 7.096050977706909, "_step": 49, "_wandb": {"runtime": 12}}