{"Input layer gradients": -1.68915200998793e-08, "Hidden layer 1 gradients": -3.0217711318998084e-07, "Hidden layer 2 gradients": 6.348156225982091e-07, "Hidden layer 3 gradients": 7.934031567547676e-06, "Output layer gradients": 0.08161248990156329, "_timestamp": 1662953523.3705454, "Loss": {"min": 0.5000004090006298}, "_runtime": 7.459381341934204, "_step": 49, "_wandb": {"runtime": 19}}