{"Input layer gradients": -7.375854936486481e-06, "Hidden layer 1 gradients": 3.4323214368364975e-05, "Hidden layer 2 gradients": 0.0015125241481570592, "Hidden layer 3 gradients": 0.018487303370245782, "Output layer gradients": 0.5649761254508097, "_timestamp": 1662943850.5247462, "Loss": {"min": 0.5000848760725712}, "_runtime": 7.068248271942139, "_step": 49, "_wandb": {"runtime": 14}}