{"Input layer": 1.0356043198494079e-14, "Hidden layer": 0.003931915349468998, "Output layer": 0.002301330712152775, "_timestamp": 1662930131.959866, "Loss": {"min": 0.4981009220784735}, "_runtime": 6.871351003646851, "_step": 49, "_wandb": {"runtime": 9}}