{"Input layer gradients": -3.661237901492004e-14, "Hidden layer 1 gradients": 2.215347098317932e-14, "Hidden layer 2 gradients": 8.306309844045987e-13, "Hidden layer 3 gradients": -9.24173463213145e-13, "Output layer gradients": 3.2022918203443063e-13, "_timestamp": 1662947264.8957446, "Loss": {"min": 0.49722833740639116}, "_runtime": 7.900603532791138, "_step": 49, "_wandb": {"runtime": 76}}