{"Input layer gradients": 0.0, "Hidden layer gradients": 0.016327753349060236, "Output layer gradients": 0.012990811227897522, "_timestamp": 1662933208.6034145, "Loss": {"min": 0.49809105630843437}, "_runtime": 6.867908477783203, "_step": 9, "_wandb": {"runtime": 9}}