{"Input layer gradients": 1.4118138751034903e-06, "Hidden layer 1 gradients": 9.667250960224877e-06, "Hidden layer 2 gradients": -9.48869584303102e-06, "Hidden layer 3 gradients": -8.286280692289755e-05, "Output layer gradients": 0.02746177361310459, "_timestamp": 1662951907.406666, "Loss": {"min": 0.49999582795120384}, "_runtime": 7.381129026412964, "_step": 49, "_wandb": {"runtime": 18}}