{"Input layer gradients": 3.5404079410202055e-06, "Hidden layer 1 gradients": 2.3277148538278226e-05, "Hidden layer 2 gradients": 8.010014022058904e-06, "Hidden layer 3 gradients": 1.5900242299842537e-05, "Output layer gradients": 9.123443583530788e-06, "_timestamp": 1662944266.2036529, "Loss": {"min": 0.49998803223829724}, "_runtime": 7.100323915481567, "_step": 49, "_wandb": {"runtime": 16}}