{"Input layer gradients": 1.1154141058579342e-06, "Hidden layer 1 gradients": -4.540389619598514e-06, "Hidden layer 2 gradients": 1.616270926653107e-05, "Hidden layer 3 gradients": 2.321079796247669e-05, "Output layer gradients": 2.542972706053026e-05, "_timestamp": 1662948525.1362383, "Loss": {"min": 0.499994309000155}, "_runtime": 7.106064319610596, "_step": 49, "_wandb": {"runtime": 11}}