{"Input layer gradients": -1.4072434597469305e-05, "Hidden layer 1 gradients": 0.00010050900286733538, "Hidden layer 2 gradients": 5.431249174721437e-06, "Hidden layer 3 gradients": -4.278230679104117e-05, "Output layer gradients": 0.0033722219543245863, "_timestamp": 1662941424.5048962, "Loss": {"min": 0.49999214843765616}, "_runtime": 7.0185511112213135, "_step": 49, "_wandb": {"runtime": 11}}