{"Input layer gradients": 3.2818342041734152e-06, "Hidden layer 1 gradients": 3.221294786269545e-05, "Hidden layer 2 gradients": 5.0900388009965057e-05, "Hidden layer 3 gradients": -1.047926621331862e-05, "Output layer gradients": 7.456161929339511e-05, "_timestamp": 1662952300.1136804, "Loss": {"min": 0.49999203237503587}, "_runtime": 7.502498388290405, "_step": 49, "_wandb": {"runtime": 21}}