{"Input layer": 6.846375699261014e-11, "Hidden layer": 3.88516245435983e-09, "Output layer": 3.697459559350371e-09, "_timestamp": 1662930183.971005, "Loss": {"min": 0.49964932174543664}, "_runtime": 6.926977872848511, "_step": 49, "_wandb": {"runtime": 10}}