{"Input layer gradients": 1.6329763339249996e-07, "Hidden layer 1 gradients": -6.561771891799568e-05, "Hidden layer 2 gradients": 2.0188107093218927e-08, "Hidden layer 3 gradients": 0.00012674476216953688, "Output layer gradients": 0.09040237181002261, "_timestamp": 1662943285.2173345, "Loss": {"min": 0.5000023146755939}, "_runtime": 7.1097235679626465, "_step": 49, "_wandb": {"runtime": 12}}