{"Input layer gradients": 1.8799719618681398e-06, "Hidden layer 1 gradients": 0.0001231723433003385, "Hidden layer 2 gradients": 1.5221056399182307e-05, "Hidden layer 3 gradients": 1.248445389451778e-05, "Output layer gradients": 1.4238057017418315e-06, "_timestamp": 1662940717.2858422, "Loss": {"min": 0.4999883006374734}, "_runtime": 6.955822229385376, "_step": 49, "_wandb": {"runtime": 11}}