{"Input layer gradients": -1.4144445806591782e-07, "Hidden layer 1 gradients": -1.4752794716631165e-08, "Hidden layer 2 gradients": -0.0012584751389226924, "Hidden layer 3 gradients": 0.0030516758846132392, "Output layer gradients": 0.0011040116300323729, "_timestamp": 1662941583.3147326, "Loss": {"min": 0.4987348038852482}, "_runtime": 7.7439775466918945, "_step": 49, "_wandb": {"runtime": 14}}