{"Input layer gradients": 1.7222946946293334e-06, "Hidden layer 1 gradients": 4.103213909336398e-06, "Hidden layer 2 gradients": -9.161835143731286e-06, "Hidden layer 3 gradients": -7.15745106962458e-05, "Output layer gradients": 7.251102192434855e-06, "_timestamp": 1662954067.7633767, "Loss": {"min": 0.49999203550165516}, "_runtime": 7.315805673599243, "_step": 49, "_wandb": {"runtime": 20}}