{"Input layer gradients": -1.28179295047362e-06, "Hidden layer 1 gradients": -2.2212101919596793e-05, "Hidden layer 2 gradients": 3.2573725139066165e-05, "Hidden layer 3 gradients": -5.410378847837201e-05, "Output layer gradients": 0.0007339594021790758, "_timestamp": 1662944538.2057283, "Loss": {"min": 0.4993752245601509}, "_runtime": 7.139963388442993, "_step": 49, "_wandb": {"runtime": 14}}