{"Input layer gradients": 5.21624893750157e-07, "Hidden layer 1 gradients": -4.867888036370806e-05, "Hidden layer 2 gradients": 4.58044665045612e-05, "Hidden layer 3 gradients": 0.0005828345799104098, "Output layer gradients": 0.18846215134906133, "_timestamp": 1662942874.3434865, "Loss": {"min": 0.5000127527886749}, "_runtime": 7.514399528503418, "_step": 49, "_wandb": {"runtime": 13}}