{"Input layer gradients": 8.394054926905541e-06, "Hidden layer 1 gradients": 2.902188283763742e-05, "Hidden layer 2 gradients": 0.00016008335837081606, "Hidden layer 3 gradients": 0.004197718896722839, "Output layer gradients": 0.33456530499041043, "_timestamp": 1662941936.1878471, "Loss": {"min": 0.5000381835893853}, "_runtime": 6.9769041538238525, "_step": 49, "_wandb": {"runtime": 10}}