{"Input layer gradients": 1.2824363110269398e-06, "Hidden layer 1 gradients": 8.489850122247833e-05, "Hidden layer 2 gradients": 8.491936565045745e-05, "Hidden layer 3 gradients": 0.00010482865543800954, "Output layer gradients": 1.3143848720378881e-05, "_timestamp": 1662943902.0848086, "Loss": {"min": 0.4999934657284316}, "_runtime": 7.145043611526489, "_step": 49, "_wandb": {"runtime": 18}}