{"Input layer gradients": -2.9775826283047585e-70, "Hidden layer 1 gradients": -2.0585686180792427e-71, "Hidden layer 2 gradients": -9.36088601477265e-06, "Hidden layer 3 gradients": 2.406503057355611e-05, "Output layer gradients": 8.884071480337523e-06, "_timestamp": 1662941957.181689, "Loss": {"min": 0.4984059309824309}, "_runtime": 8.593876123428345, "_step": 49, "_wandb": {"runtime": 13}}