{"Input layer gradients": -1.1960951632958284e-07, "Hidden layer 1 gradients": -7.75389848115142e-06, "Hidden layer 2 gradients": -5.7672503687014875e-06, "Hidden layer 3 gradients": 2.8475217731394926e-05, "Output layer gradients": 0.08892112786223794, "_timestamp": 1662944722.5114264, "Loss": {"min": 0.5000016949226194}, "_runtime": 7.112422466278076, "_step": 49, "_wandb": {"runtime": 12}}