{"Input layer gradients": 2.6951756532410887e-08, "Hidden layer 1 gradients": -0.0003238863311407889, "Hidden layer 2 gradients": -0.0010281765828534413, "Hidden layer 3 gradients": 0.003086722730544154, "Output layer gradients": 0.0009030867378656241, "_timestamp": 1662944743.2377388, "Loss": {"min": 0.49844662314612365}, "_runtime": 7.242025852203369, "_step": 49, "_wandb": {"runtime": 14}}