{"Input layer gradients": 4.6365265548584224e-08, "Hidden layer 1 gradients": 1.204898849694089e-05, "Hidden layer 2 gradients": 1.1892882877545513e-05, "Hidden layer 3 gradients": 9.104408353535293e-05, "Output layer gradients": 0.09980166211537067, "_timestamp": 1662952606.0355227, "Loss": {"min": 0.500003914736187}, "_runtime": 7.274672746658325, "_step": 49, "_wandb": {"runtime": 15}}