{"Input layer gradients": -5.54417540187102e-07, "Hidden layer 1 gradients": 5.129448694461081e-06, "Hidden layer 2 gradients": 3.786645636498086e-05, "Hidden layer 3 gradients": 0.00041397196582886926, "Output layer gradients": 0.16735469016002336, "_timestamp": 1662948805.743054, "Loss": {"min": 0.5000109045836741}, "_runtime": 7.211656808853149, "_step": 49, "_wandb": {"runtime": 12}}