{"Input layer gradients": 1.3069884563764456e-06, "Hidden layer 1 gradients": -9.059910890070685e-06, "Hidden layer 2 gradients": -5.967885098892971e-06, "Hidden layer 3 gradients": 5.852575185068739e-05, "Output layer gradients": 0.12829084272586494, "_timestamp": 1662951741.572368, "Loss": {"min": 0.5000094652653668}, "_runtime": 7.386910915374756, "_step": 49, "_wandb": {"runtime": 18}}