{"Input layer gradients": -3.7140386542202754e-07, "Hidden layer 1 gradients": -0.00010641518799972842, "Hidden layer 2 gradients": -2.3259700956494727e-05, "Hidden layer 3 gradients": 0.00034167667214596195, "Output layer gradients": 0.15101190229010655, "_timestamp": 1662948606.7144034, "Loss": {"min": 0.5000064089038024}, "_runtime": 7.137575387954712, "_step": 49, "_wandb": {"runtime": 10}}