{"Input layer gradients": -2.140914338081523e-07, "Hidden layer 1 gradients": -4.268609394644465e-06, "Hidden layer 2 gradients": 8.567147961602138e-05, "Hidden layer 3 gradients": 0.00014860895239341755, "Output layer gradients": 9.495655890326415e-06, "_timestamp": 1662952658.658094, "Loss": {"min": 0.49999272462506}, "_runtime": 7.505390882492065, "_step": 49, "_wandb": {"runtime": 19}}