{"Input layer gradients": 5.513576092755574e-22, "Hidden layer 1 gradients": 3.984714478917336e-19, "Hidden layer 2 gradients": 1.0434454152153716e-18, "Hidden layer 3 gradients": -2.237623384453113e-18, "Output layer gradients": 5.08508210954981e-19, "_timestamp": 1662951850.092115, "Loss": {"min": 0.49745403482304074}, "_runtime": 7.546816825866699, "_step": 49, "_wandb": {"runtime": 20}}