{"Input layer": -5.315542471773589e-08, "Hidden layer": -0.0026777468545671175, "Output layer": 0.023711932535213157, "_timestamp": 1662925594.4789274, "Loss": {"min": 0.498477215601304}, "_runtime": 6.909537315368652, "_step": 49, "_wandb": {"runtime": 9}}