{"Input layer gradients": 5.4333279745656637e-08, "Hidden layer 1 gradients": 1.9552802849553452e-05, "Hidden layer 2 gradients": 3.4385401452211694e-05, "Hidden layer 3 gradients": 6.246589039085404e-05, "Output layer gradients": 7.3133153108556614e-06, "_timestamp": 1662951267.1764193, "Loss": {"min": 0.49999379361849644}, "_runtime": 7.434957265853882, "_step": 49, "_wandb": {"runtime": 19}}