{"Input layer gradients": -4.082149011366602e-06, "Hidden layer 1 gradients": -5.855950027314926e-05, "Hidden layer 2 gradients": -1.8183061067747425e-05, "Hidden layer 3 gradients": 6.233330907151091e-05, "Output layer gradients": 0.07180562056830697, "_timestamp": 1662942735.8473098, "Loss": {"min": 0.5000014705592182}, "_runtime": 6.939457893371582, "_step": 49, "_wandb": {"runtime": 11}}