{"Input layer gradients": 2.3012573702284973e-06, "Hidden layer 1 gradients": 1.0814516964510317e-05, "Hidden layer 2 gradients": -3.555185002909506e-07, "Hidden layer 3 gradients": 6.38236199911933e-05, "Output layer gradients": 1.748409454316313e-05, "_timestamp": 1662943533.2612596, "Loss": {"min": 0.49998877278846027}, "_runtime": 7.440578460693359, "_step": 49, "_wandb": {"runtime": 19}}