{"Input layer gradients": 2.4868824350783047e-07, "Hidden layer 1 gradients": -4.765329324383088e-06, "Hidden layer 2 gradients": 2.0605805708485745e-07, "Hidden layer 3 gradients": 8.926871940688193e-06, "Output layer gradients": 0.09194503776940317, "_timestamp": 1662940735.6790802, "Loss": {"min": 0.5000005494875371}, "_runtime": 6.93542218208313, "_step": 49, "_wandb": {"runtime": 10}}