{"Input layer gradients": -7.847019830022508e-07, "Hidden layer 1 gradients": 5.4820061600969314e-05, "Hidden layer 2 gradients": 0.0007189810140534809, "Hidden layer 3 gradients": 0.012218815979984803, "Output layer gradients": 0.45686497544440163, "_timestamp": 1662952413.9608471, "Loss": {"min": 0.5000615037034458}, "_runtime": 7.4458770751953125, "_step": 49, "_wandb": {"runtime": 16}}