{"Input layer gradients": 3.358881459015427e-16, "Hidden layer 1 gradients": -9.71747095060151e-08, "Hidden layer 2 gradients": 2.716177680270211e-10, "Hidden layer 3 gradients": 1.1129205827457747e-08, "Output layer gradients": 1.3408052446095553e-11, "_timestamp": 1662941604.5177228, "Loss": {"min": 0.499987622582384}, "_runtime": 6.912285804748535, "_step": 49, "_wandb": {"runtime": 16}}