{"Input layer gradients": -1.335274589818063e-05, "Hidden layer 1 gradients": -0.0005425991298860633, "Hidden layer 2 gradients": -0.00014385855375658084, "Hidden layer 3 gradients": 0.003206919286072609, "Output layer gradients": 0.31866613509003083, "_timestamp": 1662943928.9876251, "Loss": {"min": 0.5000322424594926}, "_runtime": 7.280158042907715, "_step": 49, "_wandb": {"runtime": 14}}