{"Input layer": -1.7678776980028076e-09, "Hidden layer": 0.0011136893936820747, "Output layer": 0.002939257725838632, "_timestamp": 1662930113.6136017, "Loss": {"min": 0.4987740113662261}, "_runtime": 6.955946683883667, "_step": 49, "_wandb": {"runtime": 11}}