{"Input layer": 5.7493520329960286e-08, "Hidden layer": 0.0004142119380373181, "Output layer": -0.0013382438610199249, "_timestamp": 1662930041.8070467, "Loss": {"min": 0.4991240686602111}, "_runtime": 6.926721572875977, "_step": 49, "_wandb": {"runtime": 9}}