{"Input layer": -2.0968910670148993e-07, "Hidden layer": -7.197981531455526e-05, "Output layer": 0.0009923552529403268, "_timestamp": 1662930095.1565528, "Loss": {"min": 0.4969682600736808}, "_runtime": 6.932363748550415, "_step": 49, "_wandb": {"runtime": 10}}