{"Input layer gradients": 8.157446245307826e-07, "Hidden layer 1 gradients": 6.609025496188771e-06, "Hidden layer 2 gradients": -4.941192381797442e-06, "Hidden layer 3 gradients": -3.182393774918132e-05, "Output layer gradients": 0.0038925617551408692, "_timestamp": 1662943706.7806423, "Loss": {"min": 0.4999892065367985}, "_runtime": 7.227542161941528, "_step": 49, "_wandb": {"runtime": 11}}