{"Input layer gradients": 4.7560675940566544e-08, "Hidden layer 1 gradients": 6.710657430187797e-06, "Hidden layer 2 gradients": 0.0004857735890146889, "Hidden layer 3 gradients": 6.014434569194898e-05, "Output layer gradients": 1.5899716939202224e-05, "_timestamp": 1662948993.240629, "Loss": {"min": 0.4999892406250294}, "_runtime": 7.098708868026733, "_step": 49, "_wandb": {"runtime": 2109}}