{"Input layer gradients": -1.7865747140629606e-08, "Hidden layer 1 gradients": -3.3294381326183964e-06, "Hidden layer 2 gradients": 2.558356015873748e-05, "Hidden layer 3 gradients": 0.000816920583461053, "Output layer gradients": 0.19544580806961337, "_timestamp": 1662943350.9355369, "Loss": {"min": 0.5000151424043733}, "_runtime": 7.06168794631958, "_step": 49, "_wandb": {"runtime": 11}}