{"Input layer gradients": 3.087052630589629e-20, "Hidden layer 1 gradients": -7.00332494321221e-08, "Hidden layer 2 gradients": -2.7109937702650324e-08, "Hidden layer 3 gradients": -9.313435505757051e-08, "Output layer gradients": -8.151981589765711e-10, "_timestamp": 1662941531.8146784, "Loss": {"min": 0.499987620744358}, "_runtime": 7.097705364227295, "_step": 49, "_wandb": {"runtime": 16}}