{"Input layer gradients": 3.7905804650982066e-06, "Hidden layer 1 gradients": 5.200548155592522e-05, "Hidden layer 2 gradients": 4.5051347498197995e-05, "Hidden layer 3 gradients": 5.2423947933340444e-06, "Output layer gradients": 6.753512544047102e-05, "_timestamp": 1662942371.3732986, "Loss": {"min": 0.4999901595103061}, "_runtime": 7.2739176750183105, "_step": 49, "_wandb": {"runtime": 14}}