{"Input layer gradients": 8.457051236367378e-08, "Hidden layer 1 gradients": -0.00030510122226828635, "Hidden layer 2 gradients": -0.0011716592694990405, "Hidden layer 3 gradients": 0.0031396483438222767, "Output layer gradients": 0.002240534330471486, "_timestamp": 1662944672.2146637, "Loss": {"min": 0.4992307243799633}, "_runtime": 7.178091764450073, "_step": 49, "_wandb": {"runtime": 14}}