{"Input layer gradients": -6.82140185587807e-07, "Hidden layer 1 gradients": -1.0078918685290202e-05, "Hidden layer 2 gradients": -0.00042493447083817815, "Hidden layer 3 gradients": 0.0008586632873190162, "Output layer gradients": 0.0005331396089064642, "_timestamp": 1662940938.764789, "Loss": {"min": 0.49805024884885385}, "_runtime": 7.047023057937622, "_step": 49, "_wandb": {"runtime": 17}}