{"Input layer": 6.543841094978976e-08, "Hidden layer": -0.0030514985068085757, "Output layer": -0.04081185714352634, "_timestamp": 1662930201.5051215, "Loss": {"min": 0.49678527949988527}, "_runtime": 6.853714466094971, "_step": 49, "_wandb": {"runtime": 10}}