{"Input layer gradients": 5.138227708018104e-07, "Hidden layer 1 gradients": -1.536148711552136e-05, "Hidden layer 2 gradients": -5.138758542490903e-05, "Hidden layer 3 gradients": -3.5402704619066054e-05, "Output layer gradients": 0.08587757842355885, "_timestamp": 1662944934.5618813, "Loss": {"min": 0.5000039226571231}, "_runtime": 7.985764265060425, "_step": 49, "_wandb": {"runtime": 11}}