{"Input layer gradients": -2.608149055867528e-06, "Hidden layer 1 gradients": 1.911153950010446e-05, "Hidden layer 2 gradients": 5.034739463125242e-06, "Hidden layer 3 gradients": -1.1428325936927828e-05, "Output layer gradients": 2.3413793574497688e-05, "_timestamp": 1662942995.0523384, "Loss": {"min": 0.49998978654481385}, "_runtime": 7.287883281707764, "_step": 49, "_wandb": {"runtime": 13}}