{"Input layer gradients": 2.1946573755989904e-07, "Hidden layer 1 gradients": 1.4137688371965414e-05, "Hidden layer 2 gradients": 0.00031826215015890607, "Hidden layer 3 gradients": 2.9709955974380247e-05, "Output layer gradients": 2.359469253448987e-06, "_timestamp": 1662951962.9660962, "Loss": {"min": 0.4999881781728954}, "_runtime": 7.2989232540130615, "_step": 49, "_wandb": {"runtime": 18}}