{"Input layer gradients": 1.3343915695114827e-65, "Hidden layer gradients": 4.833728838444105e-66, "Output layer gradients": 0.13963364014737417, "_timestamp": 1662936442.001157, "Loss": {"min": 0.5000152746526436}, "_runtime": 6.984775066375732, "_step": 49, "_wandb": {"runtime": 10}}