{"Input layer gradients": -3.266380782727187e-07, "Hidden layer 1 gradients": 1.425605242414712e-05, "Hidden layer 2 gradients": 5.625813937951463e-06, "Hidden layer 3 gradients": 4.276573540086425e-05, "Output layer gradients": 1.6622065551433196e-05, "_timestamp": 1662944841.677865, "Loss": {"min": 0.49998954642907234}, "_runtime": 7.424749135971069, "_step": 49, "_wandb": {"runtime": 15}}