{"Input layer gradients": -2.3408623323154737e-06, "Hidden layer 1 gradients": 5.6010358876829594e-05, "Hidden layer 2 gradients": 6.958579382818594e-06, "Hidden layer 3 gradients": -2.6553748028901246e-05, "Output layer gradients": 1.0538024109080224e-05, "_timestamp": 1662941667.4630563, "Loss": {"min": 0.4999924854226441}, "_runtime": 6.951565265655518, "_step": 49, "_wandb": {"runtime": 12}}