{"Input layer gradients": 5.503658220513082e-07, "Hidden layer 1 gradients": 3.312500639772878e-05, "Hidden layer 2 gradients": 0.0009310789028073571, "Hidden layer 3 gradients": 0.012289064795439623, "Output layer gradients": 0.46605883324627784, "_timestamp": 1662951569.5783978, "Loss": {"min": 0.5000615970382128}, "_runtime": 8.457919836044312, "_step": 49, "_wandb": {"runtime": 19}}