{"Input layer gradients": -1.4820516755593265e-06, "Hidden layer 1 gradients": 7.559326908092773e-05, "Hidden layer 2 gradients": 0.00015213173813029098, "Hidden layer 3 gradients": 0.0002391344547652252, "Output layer gradients": 3.1628102864431074e-06, "_timestamp": 1662942109.7405457, "Loss": {"min": 0.49998937917492897}, "_runtime": 7.041722774505615, "_step": 49, "_wandb": {"runtime": 12}}