{"Input layer gradients": -2.3303876353257895e-06, "Hidden layer 1 gradients": -0.00020756136583597728, "Hidden layer 2 gradients": 0.00013067619738849079, "Hidden layer 3 gradients": 0.0026108636468732196, "Output layer gradients": 0.29912218743054997, "_timestamp": 1662948035.6883323, "Loss": {"min": 0.5000314645845575}, "_runtime": 8.334813356399536, "_step": 49, "_wandb": {"runtime": 67}}