{"Input layer gradients": 4.446232874519079e-08, "Hidden layer 1 gradients": 5.1165336259944865e-05, "Hidden layer 2 gradients": -1.5312078944291495e-05, "Hidden layer 3 gradients": 1.2952500629455635e-05, "Output layer gradients": 3.951344841777132e-05, "_timestamp": 1662952100.4755778, "Loss": {"min": 0.49926851267000355}, "_runtime": 7.540134906768799, "_step": 49, "_wandb": {"runtime": 19}}