{"Input layer gradients": -3.0682773361866592e-06, "Hidden layer 1 gradients": 0.0002714719983378324, "Hidden layer 2 gradients": -0.00024087488021568362, "Hidden layer 3 gradients": 0.0007309377902339134, "Output layer gradients": 0.00045315461552999784, "_timestamp": 1662948187.7907894, "Loss": {"min": 0.49895564386048924}, "_runtime": 7.03133225440979, "_step": 49, "_wandb": {"runtime": 14}}