{"Input layer gradients": -1.16369094915927e-06, "Hidden layer 1 gradients": 2.5914451960135197e-05, "Hidden layer 2 gradients": 6.817568962017869e-05, "Hidden layer 3 gradients": 4.003052644552999e-05, "Output layer gradients": 2.5115868119693352e-05, "_timestamp": 1662952468.3085194, "Loss": {"min": 0.49999624078092153}, "_runtime": 7.4796974658966064, "_step": 49, "_wandb": {"runtime": 19}}