{"Input layer gradients": -5.5223899541954056e-08, "Hidden layer 1 gradients": 0.0007474357234359957, "Hidden layer 2 gradients": -0.0005530361713356146, "Hidden layer 3 gradients": 0.002635522397808606, "Output layer gradients": 0.0020131844172668867, "_timestamp": 1662944465.172727, "Loss": {"min": 0.4981194797288107}, "_runtime": 7.514193058013916, "_step": 49, "_wandb": {"runtime": 15}}