{"Input layer gradients": 8.254504586197037e-05, "Hidden layer 1 gradients": -5.720063592116762e-06, "Hidden layer 2 gradients": -0.00013044981358796535, "Hidden layer 3 gradients": 0.00028799104557797784, "Output layer gradients": 0.00014440031880785039, "_timestamp": 1662946661.042596, "Loss": {"min": 0.49847452587845925}, "_runtime": 8.573055982589722, "_step": 49, "_wandb": {"runtime": 79}}