{"Input layer gradients": 9.556072487218987e-09, "Hidden layer 1 gradients": 6.573683625866269e-08, "Hidden layer 2 gradients": 2.7454004459312844e-07, "Hidden layer 3 gradients": -6.548625007749676e-07, "Output layer gradients": 3.5881977125144586e-07, "_timestamp": 1662945100.3037126, "Loss": {"min": 0.49891908168099547}, "_runtime": 7.173386573791504, "_step": 49, "_wandb": {"runtime": 14}}