{"Input layer gradients": 8.593944208880005e-07, "Hidden layer 1 gradients": 8.410091483105829e-06, "Hidden layer 2 gradients": 3.284542554081636e-06, "Hidden layer 3 gradients": 4.437500955455777e-05, "Output layer gradients": 3.120777957003884e-05, "_timestamp": 1662951183.464558, "Loss": {"min": 0.49998909465132363}, "_runtime": 8.333088874816895, "_step": 49, "_wandb": {"runtime": 19}}