{"Input layer gradients": -5.0265949499695705e-09, "Hidden layer 1 gradients": 1.1615211666029365e-07, "Hidden layer 2 gradients": 3.612166550107326e-07, "Hidden layer 3 gradients": -5.974238893898291e-07, "Output layer gradients": 4.0180623282532885e-07, "_timestamp": 1662952884.9434733, "Loss": {"min": 0.4979316925531619}, "_runtime": 7.178467273712158, "_step": 49, "_wandb": {"runtime": 16}}