{"Input layer gradients": -3.8011713800771603e-07, "Hidden layer 1 gradients": 0.00018357858442921655, "Hidden layer 2 gradients": 3.4297118662966545e-05, "Hidden layer 3 gradients": 3.232868454623457e-05, "Output layer gradients": 3.2330173576206045e-06, "_timestamp": 1662940965.0635798, "Loss": {"min": 0.49998868940845337}, "_runtime": 7.912698745727539, "_step": 49, "_wandb": {"runtime": 15}}