{"Input layer gradients": -7.838868132634236e-08, "Hidden layer 1 gradients": 5.1754746212848314e-05, "Hidden layer 2 gradients": 5.1157088181199584e-05, "Hidden layer 3 gradients": 2.268555963341436e-05, "Output layer gradients": 1.6386843260801642e-06, "_timestamp": 1662943973.431238, "Loss": {"min": 0.49998811834010837}, "_runtime": 7.390228986740112, "_step": 49, "_wandb": {"runtime": 14}}