{"Input layer gradients": 2.0255078069522557e-06, "Hidden layer 1 gradients": -4.158044956187715e-05, "Hidden layer 2 gradients": 8.213667574828522e-06, "Hidden layer 3 gradients": 0.0012239849533232144, "Output layer gradients": 0.23652893888248055, "_timestamp": 1662942589.6401634, "Loss": {"min": 0.5000175486215471}, "_runtime": 7.095460414886475, "_step": 49, "_wandb": {"runtime": 12}}