{"Input layer gradients": 4.205134756660094e-07, "Hidden layer 1 gradients": 1.8134653527610696e-05, "Hidden layer 2 gradients": -7.1993429805838745e-06, "Hidden layer 3 gradients": 9.356644272229768e-05, "Output layer gradients": 0.10936132684971672, "_timestamp": 1662952161.540053, "Loss": {"min": 0.500004005633362}, "_runtime": 7.39444899559021, "_step": 49, "_wandb": {"runtime": 16}}