{"Input layer gradients": 5.930988080855389e-07, "Hidden layer 1 gradients": 1.828944017855105e-05, "Hidden layer 2 gradients": -5.123733099612657e-05, "Hidden layer 3 gradients": 8.472481396134212e-05, "Output layer gradients": 0.001286000133740643, "_timestamp": 1662944242.4774947, "Loss": {"min": 0.49922497828877677}, "_runtime": 7.094767808914185, "_step": 49, "_wandb": {"runtime": 15}}