{"Input layer gradients": -7.392985183734917e-07, "Hidden layer 1 gradients": -1.2928699795705396e-05, "Hidden layer 2 gradients": -0.0002274013589248478, "Hidden layer 3 gradients": 0.00013827253038120745, "Output layer gradients": 0.12091844704187703, "_timestamp": 1662952069.9975193, "Loss": {"min": 0.5000063379020341}, "_runtime": 7.460819244384766, "_step": 49, "_wandb": {"runtime": 18}}