{"Input layer gradients": 8.320292803674865e-07, "Hidden layer 1 gradients": 2.5517708177433754e-06, "Hidden layer 2 gradients": 1.2377522410997723e-05, "Hidden layer 3 gradients": -1.7976984475440126e-05, "Output layer gradients": 0.04638550344435241, "_timestamp": 1662944584.9569454, "Loss": {"min": 0.49999677454077207}, "_runtime": 7.259962320327759, "_step": 49, "_wandb": {"runtime": 12}}