{"Input layer gradients": -1.873346092649552e-13, "Hidden layer 1 gradients": 6.247332582503995e-05, "Hidden layer 2 gradients": -0.0001366450435991051, "Output layer gradients": 0.00486351070592996, "_timestamp": 1662939143.46972, "Loss": {"min": 0.4995259843111462}, "_runtime": 7.266491889953613, "_step": 49, "_wandb": {"runtime": 14}}