{"Input layer gradients": 1.713438556871319e-06, "Hidden layer 1 gradients": 1.1512877508747123e-05, "Hidden layer 2 gradients": 0.0005135111546426935, "Hidden layer 3 gradients": 0.018818642400529516, "Output layer gradients": 0.5313868580889518, "_timestamp": 1662940918.3778882, "Loss": {"min": 0.5000830393125414}, "_runtime": 7.093872308731079, "_step": 49, "_wandb": {"runtime": 12}}