{"Input layer gradients": 8.011515344575514e-07, "Hidden layer 1 gradients": 4.868575390484315e-05, "Hidden layer 2 gradients": 8.975008525524072e-06, "Hidden layer 3 gradients": 6.30972366351983e-05, "Output layer gradients": 1.0248265028545145e-06, "_timestamp": 1662940896.8732622, "Loss": {"min": 0.49998816072152347}, "_runtime": 7.022946119308472, "_step": 49, "_wandb": {"runtime": 13}}