{"Input layer gradients": 3.6922048182821724e-06, "Hidden layer 1 gradients": 2.497197238758937e-05, "Hidden layer 2 gradients": -6.934540409677333e-06, "Hidden layer 3 gradients": 0.00017046928692426725, "Output layer gradients": 8.413737567630752e-06, "_timestamp": 1662941464.9360757, "Loss": {"min": 0.49998939091311273}, "_runtime": 7.068860769271851, "_step": 49, "_wandb": {"runtime": 18}}