{"Input layer gradients": 2.880359878956211e-08, "Hidden layer 1 gradients": -0.0002186188923092314, "Hidden layer 2 gradients": 8.124771931601656e-05, "Output layer gradients": 0.07907064997286732, "_timestamp": 1662937868.308655, "Loss": {"min": 0.5000017139949525}, "_runtime": 6.9103710651397705, "_step": 49, "_wandb": {"runtime": 15}}