{"Input layer gradients": -3.121536584582412e-06, "Hidden layer 1 gradients": -3.363677740570236e-05, "Hidden layer 2 gradients": 1.2839291595169338e-05, "Hidden layer 3 gradients": 0.0001875940629494814, "Output layer gradients": 0.15846567295801994, "_timestamp": 1662941361.9533908, "Loss": {"min": 0.5000077829310352}, "_runtime": 7.1663477420806885, "_step": 49, "_wandb": {"runtime": 11}}