{"Input layer": -2.4656586240187844e-28, "Hidden layer": 5.270284147285545e-29, "Output layer": -4.6330249282172336, "_timestamp": 1662925375.5448415, "Loss": {"min": 0.4991472488516364}, "_runtime": 5.8923115730285645, "_step": 49, "_wandb": {"runtime": 10}}