{"Input layer gradients": -1.2897710145130368e-07, "Hidden layer 1 gradients": -0.00012488276065114902, "Hidden layer 2 gradients": 3.7338541503150575e-05, "Hidden layer 3 gradients": 0.001692177008582416, "Output layer gradients": 0.21620128300231034, "_timestamp": 1662942517.0804453, "Loss": {"min": 0.5000230937251854}, "_runtime": 7.108462333679199, "_step": 49, "_wandb": {"runtime": 15}}