{"Input layer": 5.581414853531444e-145, "Hidden layer": -2.7910984017810413e-06, "Output layer": 0.00010660925233495707, "_timestamp": 1662930058.9915836, "Loss": {"min": 0.4956362371255073}, "_runtime": 6.88062858581543, "_step": 49, "_wandb": {"runtime": 10}}