{"Input layer gradients": -3.068185528234502e-07, "Hidden layer 1 gradients": -0.0009916815678204778, "Hidden layer 2 gradients": -0.0009094729723428575, "Hidden layer 3 gradients": -0.0017923495065559978, "Output layer gradients": 0.0010448771959157385, "_timestamp": 1662944092.4866915, "Loss": {"min": 0.49774761503374365}, "_runtime": 7.060783386230469, "_step": 49, "_wandb": {"runtime": 15}}