{"Input layer gradients": 4.0126350377670354e-05, "Hidden layer 1 gradients": -9.27372367769165e-05, "Hidden layer 2 gradients": -0.0006480835495012461, "Hidden layer 3 gradients": 0.0013463696241077215, "Output layer gradients": 0.0006154100084959932, "_timestamp": 1662942539.810047, "Loss": {"min": 0.49886950212849873}, "_runtime": 7.134943962097168, "_step": 49, "_wandb": {"runtime": 16}}