{"Input layer gradients": 1.5107490957771724e-05, "Hidden layer 1 gradients": 0.00014553744737807686, "Hidden layer 2 gradients": -9.715968950149527e-05, "Hidden layer 3 gradients": 0.00029330029302567515, "Output layer gradients": 0.0001701597826803362, "_timestamp": 1662944382.3811424, "Loss": {"min": 0.49876628346407115}, "_runtime": 7.252797365188599, "_step": 49, "_wandb": {"runtime": 15}}