{"Input layer gradients": -4.786183216200867e-06, "Hidden layer 1 gradients": 0.00014248518073408146, "Hidden layer 2 gradients": -0.0007661111572613839, "Hidden layer 3 gradients": 0.0010918001076892065, "Output layer gradients": 0.00271087488799936, "_timestamp": 1662948968.4075334, "Loss": {"min": 0.4982401406695719}, "_runtime": 7.057367324829102, "_step": 49, "_wandb": {"runtime": 15}}