{"Input layer gradients": -1.0185374960309056e-07, "Hidden layer 1 gradients": -2.489884424876781e-06, "Hidden layer 2 gradients": -1.4724937830287238e-05, "Hidden layer 3 gradients": -4.609968188176949e-05, "Output layer gradients": 0.04479653884828591, "_timestamp": 1662953909.6838093, "Loss": {"min": 0.4999970098820209}, "_runtime": 7.348887205123901, "_step": 49, "_wandb": {"runtime": 20}}