{"Input layer gradients": -1.062959805314926e-05, "Hidden layer 1 gradients": 2.7292900794300614e-05, "Hidden layer 2 gradients": 3.7079676724143676e-06, "Hidden layer 3 gradients": -5.614922163452076e-09, "Output layer gradients": 4.435017611145731e-06, "_timestamp": 1662941339.8087938, "Loss": {"min": 0.49998855949223164}, "_runtime": 6.978558778762817, "_step": 49, "_wandb": {"runtime": 13}}