{"Input layer gradients": -2.829015387100834e-06, "Hidden layer 1 gradients": 8.340025190370018e-06, "Hidden layer 2 gradients": -2.736896409519439e-05, "Hidden layer 3 gradients": 0.00029601983205308096, "Output layer gradients": 9.075601329990024e-05, "_timestamp": 1662946462.6578274, "Loss": {"min": 0.499994342753387}, "_runtime": 8.387682437896729, "_step": 49, "_wandb": {"runtime": 76}}