{"Input layer gradients": -1.1809057148223125e-07, "Hidden layer 1 gradients": -5.04379608169717e-05, "Hidden layer 2 gradients": 6.614377060252333e-06, "Hidden layer 3 gradients": 0.000101603775081966, "Output layer gradients": 0.0990323805686178, "_timestamp": 1662943775.0668178, "Loss": {"min": 0.5000035010779386}, "_runtime": 7.012411832809448, "_step": 49, "_wandb": {"runtime": 14}}