{"Input layer gradients": 1.8938094322501505e-13, "Hidden layer 1 gradients": 1.5373668711190547e-08, "Hidden layer 2 gradients": -2.5789525184951608e-08, "Hidden layer 3 gradients": -8.117356554746485e-05, "Output layer gradients": 0.04479315661500097, "_timestamp": 1662941172.6579351, "Loss": {"min": 0.4999964866358841}, "_runtime": 7.190631151199341, "_step": 49, "_wandb": {"runtime": 15}}