{"Input layer gradients": 7.965123026662063e-07, "Hidden layer 1 gradients": 7.272033331597558e-06, "Hidden layer 2 gradients": -1.4211242647884531e-05, "Hidden layer 3 gradients": 0.0004184889885096284, "Output layer gradients": 8.654622084949826e-06, "_timestamp": 1662953680.7089481, "Loss": {"min": 0.4999902412266117}, "_runtime": 7.338741064071655, "_step": 49, "_wandb": {"runtime": 17}}