{"Input layer gradients": -3.3296850970091165e-07, "Hidden layer 1 gradients": 4.243422163621442e-05, "Hidden layer 2 gradients": 0.00012658908445024192, "Hidden layer 3 gradients": -0.0002352833539620405, "Output layer gradients": 0.0010930931579498549, "_timestamp": 1662948444.89407, "Loss": {"min": 0.4985385731733454}, "_runtime": 7.139172792434692, "_step": 49, "_wandb": {"runtime": 12}}