{"Input layer gradients": -1.0273682945345107e-06, "Hidden layer 1 gradients": 9.80174601294227e-05, "Hidden layer 2 gradients": 8.107587339675648e-05, "Hidden layer 3 gradients": 4.4379265004374635e-05, "Output layer gradients": 0.012127450263876183, "_timestamp": 1662942202.0175629, "Loss": {"min": 0.4999982538833589}, "_runtime": 7.1681718826293945, "_step": 49, "_wandb": {"runtime": 13}}