{"Input layer gradients": 4.356187475124297e-07, "Hidden layer 1 gradients": 6.048063551228897e-06, "Hidden layer 2 gradients": 2.1609398026213894e-06, "Hidden layer 3 gradients": -2.211082106899007e-05, "Output layer gradients": 0.06498444145780308, "_timestamp": 1662952774.3534324, "Loss": {"min": 0.49999830689501074}, "_runtime": 7.059903383255005, "_step": 49, "_wandb": {"runtime": 16}}