{"Input layer gradients": -0.000324834392696262, "Hidden layer gradients": -0.012900651111444832, "Output layer gradients": 0.18480084266713404, "_timestamp": 1662934344.6978652, "Loss": {"min": 0.4977091997664402}, "_runtime": 6.926239252090454, "_step": 49, "_wandb": {"runtime": 11}}