{"Input layer gradients": 3.07270753341107e-10, "Hidden layer 1 gradients": 5.098455285561275e-05, "Hidden layer 2 gradients": 3.249567777763382e-06, "Output layer gradients": 2.375590059527921e-07, "_timestamp": 1662937843.6138463, "Loss": {"min": 0.49999056963140714}, "_runtime": 7.1987693309783936, "_step": 49, "_wandb": {"runtime": 16}}