{"Input layer gradients": 5.733229290471067e-07, "Hidden layer 1 gradients": -0.00011555613310453953, "Hidden layer 2 gradients": -0.0021642605559101568, "Hidden layer 3 gradients": 0.00721251717568955, "Output layer gradients": 0.0036164908627576626, "_timestamp": 1662953213.0829413, "Loss": {"min": 0.49864198877774757}, "_runtime": 7.219791412353516, "_step": 49, "_wandb": {"runtime": 17}}