{"Input layer gradients": -1.9381273042031132e-07, "Hidden layer 1 gradients": 1.0009355679316029e-05, "Hidden layer 2 gradients": -0.000719114291461619, "Hidden layer 3 gradients": 0.0010396254546572515, "Output layer gradients": 0.0004698114114359784, "_timestamp": 1662944017.6140778, "Loss": {"min": 0.49862585468074533}, "_runtime": 6.99247670173645, "_step": 49, "_wandb": {"runtime": 14}}