{"Input layer gradients": -9.045555214686933e-10, "Hidden layer 1 gradients": -1.078755394972572e-06, "Hidden layer 2 gradients": -1.0513824384442085e-06, "Hidden layer 3 gradients": 5.447614951803893e-07, "Output layer gradients": 1.8405499870380315e-07, "_timestamp": 1662940534.067819, "Loss": {"min": 0.49929097058263555}, "_runtime": 6.176730155944824, "_step": 49, "_wandb": {"runtime": 11}}