{"Input layer gradients": -1.119922996288905e-06, "Hidden layer 1 gradients": -0.0001806898521038952, "Hidden layer 2 gradients": -0.00020393521752334073, "Hidden layer 3 gradients": 0.0005058865477173074, "Output layer gradients": 0.19727604340118995, "_timestamp": 1662944066.9016562, "Loss": {"min": 0.5000117034639013}, "_runtime": 7.168407201766968, "_step": 49, "_wandb": {"runtime": 15}}