{"Input layer gradients": 3.166239155405372e-07, "Hidden layer 1 gradients": -0.00018150515250798063, "Hidden layer 2 gradients": -0.00025604650967272406, "Hidden layer 3 gradients": 0.003168774665723342, "Output layer gradients": 0.003236185817707113, "_timestamp": 1662941443.2816448, "Loss": {"min": 0.4990289849816474}, "_runtime": 7.131449937820435, "_step": 49, "_wandb": {"runtime": 14}}