{"Input layer gradients": -8.61259372619242e-11, "Hidden layer 1 gradients": -7.579714390530204e-10, "Hidden layer 2 gradients": 8.852933708103669e-09, "Hidden layer 3 gradients": -1.0545158742751244e-08, "Output layer gradients": 2.2426236684975594e-08, "_timestamp": 1662948896.142994, "Loss": {"min": 0.49996598775931883}, "_runtime": 7.366498947143555, "_step": 49, "_wandb": {"runtime": 16}}