{"Input layer gradients": -4.028967857414118e-07, "Hidden layer 1 gradients": -1.6302266600138766e-05, "Hidden layer 2 gradients": 6.720144957269737e-05, "Hidden layer 3 gradients": 0.0006477815463527673, "Output layer gradients": 0.18771735744065474, "_timestamp": 1662953811.7048397, "Loss": {"min": 0.5000106251214345}, "_runtime": 7.5470826625823975, "_step": 49, "_wandb": {"runtime": 22}}