{"Input layer gradients": 4.363838517096415e-07, "Hidden layer 1 gradients": 6.049021101357795e-07, "Hidden layer 2 gradients": 9.819402383494955e-06, "Hidden layer 3 gradients": 0.00012528023094716907, "Output layer gradients": 0.13842094829405044, "_timestamp": 1662942655.6599138, "Loss": {"min": 0.5000056002120373}, "_runtime": 7.591843843460083, "_step": 49, "_wandb": {"runtime": 22}}