{"Input layer gradients": -2.096372903214912e-05, "Hidden layer 1 gradients": -0.0002343174968036564, "Hidden layer 2 gradients": -0.0010819111711392036, "Hidden layer 3 gradients": 0.005470740391148858, "Output layer gradients": 0.001872184940107192, "_timestamp": 1662944954.835409, "Loss": {"min": 0.4993608318662909}, "_runtime": 7.23041296005249, "_step": 49, "_wandb": {"runtime": 15}}