{"Input layer gradients": 4.364178118946928e-08, "Hidden layer 1 gradients": -0.00010867965167943332, "Hidden layer 2 gradients": -0.00041328614579679403, "Hidden layer 3 gradients": 0.0016845737029570333, "Output layer gradients": 0.0005197668789212167, "_timestamp": 1662943166.7375138, "Loss": {"min": 0.4994318248744709}, "_runtime": 6.957950830459595, "_step": 49, "_wandb": {"runtime": 14}}