{"Input layer gradients": -2.8619558978626574e-07, "Hidden layer 1 gradients": 2.207700883416996e-05, "Hidden layer 2 gradients": 0.000124294536205264, "Hidden layer 3 gradients": 4.154680774629811e-05, "Output layer gradients": 2.4152187313858375e-05, "_timestamp": 1662952043.661533, "Loss": {"min": 0.49999001681425514}, "_runtime": 7.443411111831665, "_step": 49, "_wandb": {"runtime": 17}}