{"Input layer": {"_type": "histogram", "values": [1, 0, 0, 0, 0, 0, 0, 0, 0, 0, 0, 0, 1, 44, 3, 0, 0, 0, 0, 0, 0, 0, 0, 0, 0, 0, 0, 0, 0, 0, 0, 1], "bins": [-0.0011475553815302848, -0.0010648066589337797, -0.0009820579363372748, -0.0008993092137407697, -0.0008165604911442647, -0.0007338117685477597, -0.0006510630459512546, -0.0005683143233547497, -0.00048556560075824467, -0.0004028168781617397, -0.0003200681555652347, -0.0002373194329687296, -0.0001545707103722245, -7.182198777571963e-05, 1.0926734820785461e-05, 9.367545741729034e-05, 0.00017642418001379543, 0.0002591729026103005, 0.0003419216252068054, 0.0004246703478033105, 0.0005074190703998154, 0.0005901677929963205, 0.0006729165155928256, 0.0007556652381893304, 0.0008384139607858357, 0.0009211626833823406, 0.0010039114059788455, 0.0010866601285753504, 0.0011694088511718557, 0.0012521575737683606, 0.0013349062963648654, 0.0014176550189613708, 0.0015004037415578756]}, "Hidden layer": {"_type": "histogram", "values": [48, 1, 0, 0, 0, 0, 0, 0, 0, 0, 0, 0, 0, 0, 0, 0, 0, 0, 0, 0, 0, 0, 0, 0, 0, 0, 0, 0, 0, 0, 0, 1], "bins": [0.00019495991584702496, 0.1637079622036116, 0.32722096449137617, 0.4907339667791408, 0.6542469690669054, 0.8177599713546699, 0.9812729736424346, 1.144785975930199, 1.3082989782179637, 1.4718119805057284, 1.6353249827934928, 1.7988379850812575, 1.9623509873690221, 2.1258639896567866, 2.289376991944551, 2.4528899942323155, 2.61640299652008, 2.779915998807845, 2.9434290010956095, 3.1069420033833737, 3.2704550056711383, 3.433968007958903, 3.5974810102466677, 3.7609940125344323, 3.924507014822197, 4.088020017109962, 4.251533019397726, 4.41504602168549, 4.578559023973255, 4.742072026261019, 4.905585028548784, 5.069098030836549, 5.232611033124313]}, "Output layer": {"_type": "histogram", "values": [1, 0, 0, 0, 0, 0, 0, 0, 0, 0, 0, 0, 0, 0, 0, 0, 0, 0, 0, 48, 0, 0, 0, 0, 0, 0, 0, 0, 0, 0, 0, 1], "bins": [-5.2465877387083655, -4.977812754908498, -4.709037771108629, -4.440262787308761, -4.171487803508892, -3.9027128197090244, -3.633937835909156, -3.365162852109288, -3.0963878683094195, -2.827612884509551, -2.558837900709683, -2.2900629169098146, -2.0212879331099467, -1.7525129493100784, -1.48373796551021, -1.2149629817103413, -0.9461879979104735, -0.6774130141106056, -0.40863803031073687, -0.139863046510869, 0.12891193728899975, 0.3976869210888676, 0.6664619048887364, 0.9352368886886042, 1.204011872488472, 1.4727868562883408, 1.7415618400882087, 2.0103368238880774, 2.2791118076879453, 2.547886791487814, 2.816661775287683, 3.0854367590875498, 3.3542117428874185]}, "_timestamp": 1662924587.0446146, "_runtime": 6.888949632644653, "_step": 1, "Error": [0.4979376167468057, 0.49797267965548586, 0.5013843050776002, 0.5000416698339603, 0.5000414199535964, 0.5000412118378942, 0.5000411008106115, 0.5000408150794939, 0.5000407640195996, 0.5000404092582057, 0.5000403532403589, 0.5000400089492815, 0.5000403381048276, 0.5000397795159582, 0.5000394124919921, 0.5000392415191024, 0.5000391582199635, 0.5000390497113142, 0.500038674996441, 0.5000385103988623, 0.500038347978365, 0.5000381860113894, 0.500038026480436, 0.5000378684900236, 0.5000377121948343, 0.5000375573517717, 0.500037403890441, 0.5000372517660892, 0.5000371009458983, 0.50003695140124, 0.5000368031063689, 0.5000366560377953, 0.500036510173853, 0.5000363654943675, 0.5000362219804052, 0.5000360796140749, 0.5000359383783742, 0.5000357982570657, 0.5000356592345787, 0.5000355212959289, 0.5000353844266529, 0.5000352486127536, 0.5000351138406564, 0.5000349800971698, 0.5000348473694548, 0.5000347156449969, 0.5000345849115829, 0.5000344551572812, 0.5000343263704234, 0.5000341985395903], "_wandb": {"runtime": 9}}