{"Input layer gradients": -1.1618542012451214e-06, "Hidden layer 1 gradients": 2.072116500469676e-05, "Hidden layer 2 gradients": 0.000781837372611067, "Hidden layer 3 gradients": 0.009914588483451912, "Output layer gradients": 0.44850057056781883, "_timestamp": 1662953710.254466, "Loss": {"min": 0.5000500139341679}, "_runtime": 7.548884153366089, "_step": 49, "_wandb": {"runtime": 21}}