{"Input layer gradients": -6.585533762778219e-06, "Hidden layer 1 gradients": -0.0001168487900942165, "Hidden layer 2 gradients": -0.0005822245769037032, "Hidden layer 3 gradients": 0.002293772314028463, "Output layer gradients": 0.000654896234224831, "_timestamp": 1662953383.3162322, "Loss": {"min": 0.49946943099887015}, "_runtime": 7.123438119888306, "_step": 49, "_wandb": {"runtime": 16}}