{"Input layer gradients": -8.755995934415056e-07, "Hidden layer 1 gradients": 4.499488631101559e-05, "Hidden layer 2 gradients": 3.664768436976762e-05, "Hidden layer 3 gradients": 0.00016691659240407452, "Output layer gradients": 3.3353071021119396e-05, "_timestamp": 1662952578.0347319, "Loss": {"min": 0.49999598332181633}, "_runtime": 7.476995944976807, "_step": 49, "_wandb": {"runtime": 17}}