{"Input layer gradients": 1.3863495887073467e-10, "Hidden layer 1 gradients": 8.63514619090761e-07, "Hidden layer 2 gradients": -1.3644479393620727e-06, "Hidden layer 3 gradients": 4.354357879071779e-06, "Output layer gradients": 9.520001128435382e-07, "_timestamp": 1662941896.1681406, "Loss": {"min": 0.4985687665322266}, "_runtime": 7.105118751525879, "_step": 49, "_wandb": {"runtime": 13}}