{"Input layer gradients": 1.7310244043770517e-07, "Hidden layer 1 gradients": 5.823165765584969e-05, "Hidden layer 2 gradients": 4.8157547427187856e-05, "Hidden layer 3 gradients": 5.982315324496261e-05, "Output layer gradients": 8.003811275988926e-05, "_timestamp": 1662948585.1090503, "Loss": {"min": 0.499995818432743}, "_runtime": 7.174809217453003, "_step": 49, "_wandb": {"runtime": 13}}