{"Input layer gradients": 0.0, "Hidden layer gradients": 0.0, "Output layer gradients": 0.0, "_timestamp": 1662932073.1098313, "Loss": {"min": 0.49225042220440196}, "_runtime": 6.850151300430298, "_step": 49, "_wandb": {"runtime": 9}}