{"Input layer gradients": -1.3154945193184512e-08, "Hidden layer gradients": -0.000272888639559744, "Output layer gradients": -3.3241397684650255e-05, "_timestamp": 1662936645.785261, "Loss": {"min": 0.49761601421607327}, "_runtime": 6.95658802986145, "_step": 49, "_wandb": {"runtime": 12}}