{"Input layer": {"_type": "histogram", "values": [1, 0, 0, 0, 0, 0, 0, 0, 0, 0, 0, 0, 0, 0, 0, 0, 0, 0, 0, 1, 47, 0, 0, 0, 0, 0, 0, 0, 0, 0, 0, 1], "bins": [-0.0011434712889401685, -0.0010879991495384854, -0.001032527010136802, -0.000977054870735119, -0.0009215827313334358, -0.0008661105919317525, -0.0008106384525300694, -0.0007551663131283862, -0.000699694173726703, -0.0006442220343250198, -0.0005887498949233366, -0.0005332777555216535, -0.00047780561611997024, -0.000422333476718287, -0.0003668613373166039, -0.0003113891979149207, -0.0002559170585132375, -0.00020044491911155426, -0.00014497277970987104, -8.950064030818793e-05, -3.402850090650461e-05, 2.14436384951785e-05, 7.691577789686161e-05, 0.00013238791729854493, 0.00018786005670022804, 0.00024333219610191115, 0.0002988043355035945, 0.0003542764749052776, 0.0004097486143069607, 0.000465220753708644, 0.0005206928931103271, 0.0005761650325120105, 0.0006316371719136936]}, "Hidden layer": {"_type": "histogram", "values": [48, 0, 0, 0, 0, 1, 0, 0, 0, 0, 0, 0, 0, 0, 0, 0, 0, 0, 0, 0, 0, 0, 0, 0, 0, 0, 0, 0, 0, 0, 0, 1], "bins": [-0.03215626733816594, 0.03854067130496805, 0.10923760994810204, 0.17993454859123603, 0.25063148723437, 0.321328425877504, 0.392025364520638, 0.462722303163772, 0.533419241806906, 0.60411618045004, 0.674813119093174, 0.745510057736308, 0.816206996379442, 0.886903935022576, 0.95760087366571, 1.028297812308844, 1.098994750951978, 1.169691689595112, 1.240388628238246, 1.31108556688138, 1.3817825055245139, 1.4524794441676478, 1.5231763828107818, 1.5938733214539158, 1.66457026009705, 1.735267198740184, 1.805964137383318, 1.876661076026452, 1.947358014669586, 2.0180549533127197, 2.088751891955854, 2.1594488305989876, 2.230145769242122]}, "Output layer": {"_type": "histogram", "values": [1, 0, 0, 0, 0, 0, 0, 0, 0, 0, 0, 46, 1, 0, 1, 0, 0, 0, 0, 0, 0, 0, 0, 0, 0, 0, 0, 0, 0, 0, 0, 1], "bins": [-3.240762253741072, -2.969230201147397, -2.697698148553722, -2.426166095960047, -2.154634043366372, -1.8831019907726971, -1.611569938179022, -1.340037885585347, -1.0685058329916721, -0.7969737803979973, -0.5254417278043224, -0.2539096752106471, 0.017622377383027743, 0.2891544299767026, 0.5606864825703779, 0.8322185351640528, 1.1037505877577276, 1.3752826403514025, 1.6468146929450773, 1.9183467455387522, 2.189878798132427, 2.4614108507261028, 2.7329429033197776, 3.0044749559134525, 3.2760070085071273, 3.547539061100802, 3.819071113694477, 4.090603166288152, 4.362135218881828, 4.6336672714755025, 4.905199324069177, 5.176731376662851, 5.448263429256527]}, "_timestamp": 1662924604.33436, "_runtime": 6.875284910202026, "_step": 1, "Error": [0.4996838394624104, 0.49999461058237843, 0.5000382582125404, 0.499981590465592, 0.5057106141959736, 0.49999793509145934, 0.4999978750622208, 0.4999977830855396, 0.49999776055359074, 0.49999772079034177, 0.49999763663028574, 0.4999975325502272, 0.49999743961795495, 0.4999973521001162, 0.49999729392829817, 0.4999972653210307, 0.49999724892083774, 0.49999722493408183, 0.4999972109280309, 0.49999720039621665, 0.49999719353207844, 0.49999718754125255, 0.49999718205906524, 0.49999717694600465, 0.49999717211087547, 0.4999971674895967, 0.4999971630358687, 0.4999971587154375, 0.4999971545024354, 0.49999715037697423, 0.4999971463235194, 0.499997142329765, 0.4999971383858391, 0.4999971344837325, 0.4999971306168807, 0.4999971267798524, 0.4999971229681158, 0.4999971191778599, 0.49999711540585673, 0.499997111649354, 0.49999710790599017, 0.49999710417372767, 0.4999971004507988, 0.49999709673566195, 0.4999970930269667, 0.49999708932352477, 0.49999708562428585, 0.49999708192831804, 0.4999970782347914, 0.4999970745429638], "_wandb": {"runtime": 10}}