{"Input layer gradients": -7.199795851685601e-07, "Hidden layer 1 gradients": 0.00011815905366597676, "Hidden layer 2 gradients": 7.0387710224425e-05, "Hidden layer 3 gradients": 5.7828372070698974e-05, "Output layer gradients": 3.834009816933159e-06, "_timestamp": 1662942494.530061, "Loss": {"min": 0.499994130721543}, "_runtime": 6.951798915863037, "_step": 49, "_wandb": {"runtime": 13}}