{"Input layer gradients": 1.8776092402296424e-08, "Hidden layer 1 gradients": -0.00017486886692691866, "Hidden layer 2 gradients": -0.0006831308557450435, "Hidden layer 3 gradients": 0.00286532611410311, "Output layer gradients": 0.0005684004240189393, "_timestamp": 1662951326.2742236, "Loss": {"min": 0.49899888242281354}, "_runtime": 7.27918553352356, "_step": 49, "_wandb": {"runtime": 17}}