{"Input layer gradients": 4.386434003163201e-06, "Hidden layer 1 gradients": 0.0001368619074987242, "Hidden layer 2 gradients": 0.0015389154611658207, "Hidden layer 3 gradients": -0.0020461407365964376, "Output layer gradients": 0.013157641906297958, "_timestamp": 1662948625.4280493, "Loss": {"min": 0.49833982930107185}, "_runtime": 7.39432430267334, "_step": 49, "_wandb": {"runtime": 13}}