{"Input layer gradients": 3.269888092971993e-07, "Hidden layer 1 gradients": 1.2619268480158194e-05, "Hidden layer 2 gradients": 1.809633686989703e-06, "Hidden layer 3 gradients": -7.63729356806997e-05, "Output layer gradients": 1.5206568524273045e-05, "_timestamp": 1662953587.321593, "Loss": {"min": 0.4999965775615759}, "_runtime": 7.3652989864349365, "_step": 49, "_wandb": {"runtime": 19}}