{"Input layer gradients": -2.930711610994816e-06, "Hidden layer gradients": -5.7636323497419135e-05, "Output layer gradients": -2.2314464069419557e-05, "_timestamp": 1662940142.2126865, "Loss": {"min": 0.5000058954022719}, "_runtime": 7.053787469863892, "_step": 49, "_wandb": {"runtime": 14}}