{"Input layer gradients": -1.049700324377918e-06, "Hidden layer 1 gradients": -0.00017401546423304905, "Hidden layer 2 gradients": 1.398437514775308e-05, "Hidden layer 3 gradients": 0.0005197276124335129, "Output layer gradients": 0.17695020795075264, "_timestamp": 1662942001.4926264, "Loss": {"min": 0.5000108299082444}, "_runtime": 7.287827491760254, "_step": 49, "_wandb": {"runtime": 14}}