{"Input layer gradients": 3.641636783121175e-06, "Hidden layer 1 gradients": -0.00017440350150078003, "Hidden layer 2 gradients": -0.0011878251990312437, "Hidden layer 3 gradients": 0.0021138273121907364, "Output layer gradients": 0.004662560534097573, "_timestamp": 1662952017.3988538, "Loss": {"min": 0.49881902958293783}, "_runtime": 7.465674877166748, "_step": 49, "_wandb": {"runtime": 17}}