{"Input layer gradients": 1.2111473185797577e-08, "Hidden layer 1 gradients": 9.247620024647716e-06, "Hidden layer 2 gradients": 8.403552644564513e-08, "Hidden layer 3 gradients": -3.2537695793066843e-06, "Output layer gradients": -1.194692877959369e-08, "_timestamp": 1662941401.635679, "Loss": {"min": 0.499987873663454}, "_runtime": 7.082928895950317, "_step": 49, "_wandb": {"runtime": 14}}