{"Input layer gradients": 3.752882046940866e-07, "Hidden layer 1 gradients": 4.3512548865059796e-06, "Hidden layer 2 gradients": -1.3274127494829229e-06, "Hidden layer 3 gradients": -1.2576406472293632e-05, "Output layer gradients": 0.06876844305268301, "_timestamp": 1662941813.6464114, "Loss": {"min": 0.49999928591140896}, "_runtime": 7.059851408004761, "_step": 49, "_wandb": {"runtime": 12}}