{"Input layer": 3.2466652291993172e-99, "Hidden layer": 2.652710813092594e-99, "Output layer": -4.633024928217232, "_timestamp": 1662925209.4711177, "Loss": {"min": 0.49980832257549557}, "_runtime": 5.926992654800415, "_step": 49, "_wandb": {"runtime": 8}}