{"Input layer gradients": 4.622850953469047e-08, "Hidden layer 1 gradients": -2.832345214845465e-06, "Hidden layer 2 gradients": 5.594636518694721e-06, "Hidden layer 3 gradients": 4.762577704391435e-05, "Output layer gradients": 0.08674796541310163, "_timestamp": 1662951471.3886697, "Loss": {"min": 0.5000019955267743}, "_runtime": 7.691674709320068, "_step": 49, "_wandb": {"runtime": 17}}