{"Input layer gradients": 1.256339175245271e-05, "Hidden layer 1 gradients": 1.0682504356824944e-05, "Hidden layer 2 gradients": -1.1115449836098204e-06, "Hidden layer 3 gradients": 1.3637273302447063e-05, "Output layer gradients": 0.0002271267713464531, "_timestamp": 1662943617.815244, "Loss": {"min": 0.4999893586763596}, "_runtime": 7.227959871292114, "_step": 49, "_wandb": {"runtime": 14}}