{"Input layer gradients": -3.651755533501528e-40, "Hidden layer 1 gradients": -1.3580618313502388e-40, "Hidden layer 2 gradients": 6.617778468420528e-05, "Hidden layer 3 gradients": 0.0010105608549923308, "Output layer gradients": 0.24520982875805422, "_timestamp": 1662940795.1683598, "Loss": {"min": 0.5000220326698772}, "_runtime": 7.002460718154907, "_step": 49, "_wandb": {"runtime": 11}}