{"Input layer gradients": -5.923569646506153e-07, "Hidden layer 1 gradients": -1.2332651626469379e-06, "Hidden layer 2 gradients": 2.315431779668712e-05, "Hidden layer 3 gradients": -3.518013846048137e-05, "Output layer gradients": 1.1955554202549193e-05, "_timestamp": 1662948826.8303437, "Loss": {"min": 0.4977004348605802}, "_runtime": 7.4951136112213135, "_step": 49, "_wandb": {"runtime": 15}}