{"Input layer": {"_type": "histogram", "values": [49, 0, 0, 0, 0, 0, 0, 0, 0, 0, 0, 0, 0, 0, 0, 0, 0, 0, 0, 0, 0, 0, 0, 0, 0, 0, 0, 0, 0, 0, 0, 1], "bins": [0.0, 0.00014212830540583435, 0.0002842566108116687, 0.00042638491621750305, 0.0005685132216233374, 0.0007106415270291717, 0.0008527698324350061, 0.0009948981378408404, 0.0011370264432466748, 0.0012791547486525091, 0.0014212830540583435, 0.0015634113594641778, 0.0017055396648700122, 0.0018476679702758465, 0.001989796275681681, 0.0021319245810875152, 0.0022740528864933496, 0.002416181191899184, 0.0025583094973050183, 0.0027004378027108526, 0.002842566108116687, 0.0029846944135225213, 0.0031268227189283557, 0.00326895102433419, 0.0034110793297400244, 0.0035532076351458587, 0.003695335940551693, 0.0038374642459575274, 0.003979592551363362, 0.004121720856769196, 0.0042638491621750305, 0.004405977467580865, 0.004548105772986699]}, "Hidden layer": {"_type": "histogram", "values": [47, 1, 0, 0, 0, 0, 0, 0, 0, 0, 0, 0, 0, 0, 0, 0, 0, 0, 0, 0, 0, 0, 0, 0, 0, 0, 0, 0, 0, 0, 1, 1], "bins": [0.008753825947073975, 0.09300637838496176, 0.17725893082284952, 0.2615114832607373, 0.34576403569862507, 0.43001658813651283, 0.5142691405744007, 0.5985216930122884, 0.6827742454501762, 0.7670267978880639, 0.8512793503259517, 0.9355319027638395, 1.0197844552017274, 1.104037007639615, 1.188289560077503, 1.2725421125153906, 1.3567946649532785, 1.4410472173911664, 1.525299769829054, 1.609552322266942, 1.6938048747048295, 1.7780574271427174, 1.862309979580605, 1.946562532018493, 2.0308150844563806, 2.1150676368942682, 2.199320189332156, 2.283572741770044, 2.3678252942079316, 2.4520778466458193, 2.536330399083707, 2.620582951521595, 2.7048355039594827]}, "Output layer": {"_type": "histogram", "values": [1, 0, 0, 0, 0, 0, 0, 0, 0, 0, 0, 0, 0, 0, 0, 0, 0, 0, 0, 0, 0, 0, 0, 47, 0, 0, 1, 0, 0, 0, 0, 1], "bins": [-5.561569421361712, -5.323918075183476, -5.086266729005241, -4.848615382827006, -4.61096403664877, -4.373312690470534, -4.135661344292299, -3.898009998114064, -3.6603586519358284, -3.422707305757593, -3.1850559595793575, -2.947404613401122, -2.7097532672228866, -2.472101921044651, -2.2344505748664156, -1.9967992286881802, -1.7591478825099447, -1.5214965363317088, -1.2838451901534738, -1.0461938439752387, -0.8085424977970028, -0.5708911516187669, -0.3332398054405319, -0.09558845926229687, 0.14206288691593905, 0.37971423309417496, 0.61736557927241, 0.855016925450645, 1.092668271628881, 1.3303196178071168, 1.5679709639853519, 1.8056223101635869, 2.0432736563418232]}, "_timestamp": 1662924550.3447657, "_runtime": 6.79766058921814, "_step": 1, "Error": [0.4988650738151974, 0.49895592211354206, 0.5006130902936577, 0.5000562304135996, 0.5000545303283191, 0.5000529674591618, 0.5000515242203478, 0.5000501860400819, 0.5000489407252576, 0.5000477779829371, 0.5000466890547473, 0.5000456664339328, 0.5000447036438103, 0.5000437950624411, 0.5000429357825263, 0.5000421214984394, 0.5000413484143855, 0.5000406131691653, 0.5000399127740998, 0.5000392445614795, 0.5000386061414842, 0.5000379953659784, 0.5000374102979166, 0.5000368491853605, 0.500036310439307, 0.5000357926146805, 0.5000352943939722, 0.5000348145730987, 0.5000343520491328, 0.5000339058096194, 0.5000334749232423, 0.5000330585316416, 0.5000326558422183, 0.5000322661217891, 0.5000318886909747, 0.5000315229192229, 0.5000311682203831, 0.5000308240487626, 0.5000304898956028, 0.5000301652859237, 0.5000298497756916, 0.5000295429492728, 0.5000292444171381, 0.5000289538137915, 0.5000286707958944, 0.500028395040568, 0.5000281262438504, 0.5000278641192953, 0.5000276083966936, 0.5000273588209091], "_wandb": {"runtime": 10}}