{"Input layer gradients": 1.0027603023713607e-07, "Hidden layer 1 gradients": 4.964751193484355e-06, "Hidden layer 2 gradients": 1.0470903716115396e-06, "Hidden layer 3 gradients": 0.00010754983183457175, "Output layer gradients": 3.0347109073944334e-06, "_timestamp": 1662945053.051723, "Loss": {"min": 0.4999885563399074}, "_runtime": 7.258316993713379, "_step": 49, "_wandb": {"runtime": 14}}