{"Input layer gradients": 5.404680503368883e-08, "Hidden layer 1 gradients": -6.185427403883735e-06, "Hidden layer 2 gradients": 1.747600840718917e-05, "Hidden layer 3 gradients": -4.965147901693549e-05, "Output layer gradients": 6.503698833107419e-06, "_timestamp": 1662952990.223284, "Loss": {"min": 0.4999958628359699}, "_runtime": 7.327337980270386, "_step": 49, "_wandb": {"runtime": 15}}