{"Input layer gradients": -1.4537770447988288e-06, "Hidden layer 1 gradients": 4.0979112327645146e-05, "Hidden layer 2 gradients": 1.1155655120349224e-05, "Hidden layer 3 gradients": -1.6877794118729523e-06, "Output layer gradients": 2.143547215970043e-05, "_timestamp": 1662948921.6769135, "Loss": {"min": 0.4999976617675238}, "_runtime": 7.0859456062316895, "_step": 49, "_wandb": {"runtime": 15}}