{"Input layer gradients": 9.38030991479591e-06, "Hidden layer 1 gradients": 5.8286613027270274e-05, "Hidden layer 2 gradients": 6.1578333656294534e-06, "Hidden layer 3 gradients": -6.0741974911774024e-05, "Output layer gradients": 8.009685697406288e-05, "_timestamp": 1662943060.4793975, "Loss": {"min": 0.4999942244000814}, "_runtime": 7.021274566650391, "_step": 49, "_wandb": {"runtime": 13}}