{"Input layer gradients": 9.827285469511633e-07, "Hidden layer 1 gradients": 4.477921750101841e-05, "Hidden layer 2 gradients": -2.5040060567722967e-06, "Hidden layer 3 gradients": -7.01545288469841e-05, "Output layer gradients": 5.477691472333124e-05, "_timestamp": 1662943392.9843278, "Loss": {"min": 0.4999944984232722}, "_runtime": 7.078263759613037, "_step": 49, "_wandb": {"runtime": 13}}