{"Input layer gradients": -5.708858397465806e-06, "Hidden layer 1 gradients": -0.00016700888187702522, "Hidden layer 2 gradients": 8.419718991917893e-05, "Hidden layer 3 gradients": 0.0042388035976256115, "Output layer gradients": 0.34810719963652603, "_timestamp": 1662952242.3989363, "Loss": {"min": 0.5000398473385396}, "_runtime": 7.293942213058472, "_step": 49, "_wandb": {"runtime": 15}}