{"Input layer": {"_type": "histogram", "values": [48, 0, 1, 0, 0, 0, 0, 0, 0, 0, 0, 0, 0, 0, 0, 0, 0, 0, 0, 0, 0, 0, 0, 0, 0, 0, 0, 0, 0, 0, 0, 1], "bins": [-9.804411693377155e-07, 5.180204381429226e-05, 0.00010458452879792224, 0.0001573670137815522, 0.00021014949876518217, 0.00026293198374881217, 0.00031571446873244216, 0.0003684969537160721, 0.0004212794386997021, 0.0004740619236833321, 0.000526844408666962, 0.000579626893650592, 0.000632409378634222, 0.000685191863617852, 0.0007379743486014818, 0.0007907568335851118, 0.0008435393185687418, 0.0008963218035523718, 0.0009491042885360018, 0.0010018867735196318, 0.0010546692585032618, 0.0011074517434868918, 0.0011602342284705218, 0.0012130167134541518, 0.0012657991984377818, 0.0013185816834214118, 0.0013713641684050418, 0.0014241466533886716, 0.0014769291383723016, 0.0015297116233559315, 0.0015824941083395615, 0.0016352765933231915, 0.0016880590783068215]}, "Hidden layer": {"_type": "histogram", "values": [1, 0, 0, 0, 0, 0, 0, 0, 0, 0, 0, 0, 0, 0, 0, 0, 0, 0, 0, 0, 0, 0, 0, 0, 0, 0, 0, 0, 0, 0, 0, 49], "bins": [-0.005346878107511143, -0.005178909753925514, -0.005010941400339885, -0.004842973046754256, -0.004675004693168628, -0.004507036339583, -0.004339067985997371, -0.004171099632411742, -0.004003131278826113, -0.0038351629252404845, -0.0036671945716548558, -0.0034992262180692274, -0.0033312578644835986, -0.00316328951089797, -0.0029953211573123415, -0.0028273528037267128, -0.002659384450141084, -0.0024914160965554552, -0.0023234477429698265, -0.002155479389384198, -0.0019875110357985694, -0.0018195426822129406, -0.0016515743286273123, -0.0014836059750416835, -0.0013156376214560547, -0.001147669267870426, -0.0009797009142847972, -0.0008117325606991684, -0.0006437642071135405, -0.00047579585352791175, -0.000307827499942283, -0.00013985914635665422, 2.8109207228974413e-05]}, "Output layer": {"_type": "histogram", "values": [23, 0, 1, 0, 0, 0, 0, 0, 0, 0, 1, 0, 0, 0, 0, 0, 0, 0, 0, 1, 0, 0, 0, 0, 0, 1, 0, 0, 0, 0, 0, 23], "bins": [-4.635966236858488, -4.346310260667156, -4.056654284475825, -3.766998308284493, -3.4773423320931616, -3.18768635590183, -2.898030379710498, -2.6083744035191665, -2.318718427327835, -2.0290624511365034, -1.7394064749451719, -1.4497504987538399, -1.1600945225625083, -0.8704385463711768, -0.5807825701798448, -0.2911265939885137, -0.001470617797181717, 0.28818535839415027, 0.5778413345854814, 0.8674973107768134, 1.1571532869681445, 1.4468092631594764, 1.7364652393508084, 2.0261212155421395, 2.3157771917334715, 2.6054331679248035, 2.8950891441161346, 3.1847451203074666, 3.4744010964987986, 3.7640570726901306, 4.053713048881461, 4.343369025072793, 4.633025001264124]}, "_timestamp": 1662924952.5188115, "_runtime": 6.818317413330078, "_step": 1, "_wandb": {"runtime": 8}}