{"Input layer gradients": -8.20939846216774e-08, "Hidden layer 1 gradients": 2.282262618834217e-06, "Hidden layer 2 gradients": 1.9454937179535115e-05, "Hidden layer 3 gradients": -5.6610125066217604e-05, "Output layer gradients": 8.838460308001686e-05, "_timestamp": 1662943590.0943196, "Loss": {"min": 0.49824034159067054}, "_runtime": 7.261399507522583, "_step": 49, "_wandb": {"runtime": 19}}