{"Input layer gradients": -2.2082338374827283e-07, "Hidden layer 1 gradients": 6.250816612005007e-05, "Hidden layer 2 gradients": 1.0283764118213568e-05, "Hidden layer 3 gradients": -2.7230879860976437e-05, "Output layer gradients": 2.651824883334597e-06, "_timestamp": 1662944116.3178477, "Loss": {"min": 0.49998115558922757}, "_runtime": 7.055102825164795, "_step": 49, "_wandb": {"runtime": 15}}