{"Input layer gradients": 4.0801070471211686e-08, "Hidden layer 1 gradients": 1.8192237060587139e-06, "Hidden layer 2 gradients": -8.358821604066428e-06, "Hidden layer 3 gradients": 1.1554527848313845e-05, "Output layer gradients": 0.00014937075897218698, "_timestamp": 1662948119.5741067, "Loss": {"min": 0.4993623637485691}, "_runtime": 7.123339653015137, "_step": 49, "_wandb": {"runtime": 15}}