{"Input layer gradients": 6.729674701624007e-07, "Hidden layer 1 gradients": 1.9297531453938422e-05, "Hidden layer 2 gradients": -1.0313204737250287e-07, "Hidden layer 3 gradients": 3.165502958077184e-05, "Output layer gradients": 1.5943258789702375e-06, "_timestamp": 1662947079.7652004, "Loss": {"min": 0.4999929428940471}, "_runtime": 8.232559442520142, "_step": 49, "_wandb": {"runtime": 69}}