{"Input layer": 0.0, "Hidden layer": 0.0, "Output layer": -4.6330249282172336, "_timestamp": 1662929990.6113424, "Loss": {"min": 0.498770443460766}, "_runtime": 6.9360034465789795, "_step": 49, "_wandb": {"runtime": 9}}