{"Input layer gradients": 6.965518381421608e-07, "Hidden layer 1 gradients": -2.1841109273182594e-05, "Hidden layer 2 gradients": 0.00012634582029109098, "Hidden layer 3 gradients": 0.001757151184345389, "Output layer gradients": 0.2565140547103576, "_timestamp": 1662946562.5689144, "Loss": {"min": 0.5000201053327088}, "_runtime": 8.463730335235596, "_step": 49, "_wandb": {"runtime": 77}}