{"Input layer gradients": 0.00013082760234371757, "Hidden layer 1 gradients": -0.00042371142228695644, "Hidden layer 2 gradients": 0.004273564166125592, "Hidden layer 3 gradients": 0.007332157395963347, "Output layer gradients": 0.011208210551237368, "_timestamp": 1662946035.6663291, "Loss": {"min": 0.49903268950354046}, "_runtime": 8.017741203308105, "_step": 49, "_wandb": {"runtime": 81}}