{"Input layer gradients": 1.0551254489441343e-18, "Hidden layer 1 gradients": -4.7406684204600826e-17, "Hidden layer 2 gradients": -6.2002842216677315e-16, "Hidden layer 3 gradients": 7.865819977245109e-16, "Output layer gradients": -5.106109604989163e-16, "_timestamp": 1662943726.3808517, "Loss": {"min": 0.4980699571438488}, "_runtime": 7.090337753295898, "_step": 49, "_wandb": {"runtime": 14}}