{"Input layer gradients": -1.5722141591955654e-07, "Hidden layer 1 gradients": 1.376410006762425e-05, "Hidden layer 2 gradients": -1.151517261214994e-05, "Hidden layer 3 gradients": -9.186919918472572e-05, "Output layer gradients": 0.015765673359657353, "_timestamp": 1662947460.7969017, "Loss": {"min": 0.4999939662327516}, "_runtime": 8.051639795303345, "_step": 49, "_wandb": {"runtime": 72}}