{"Input layer": -1.2142214530665812e-12, "Hidden layer": -0.0016316664815754685, "Output layer": 0.0022840014922628988, "_timestamp": 1662925559.6573694, "Loss": {"min": 0.4984795783208224}, "_runtime": 7.039046287536621, "_step": 49, "_wandb": {"runtime": 9}}