{"Input layer gradients": -5.383682403193043e-08, "Hidden layer 1 gradients": -1.2522253464072453e-06, "Hidden layer 2 gradients": 5.147724281378637e-07, "Hidden layer 3 gradients": 2.7455242985984277e-05, "Output layer gradients": 0.07530656140441594, "_timestamp": 1662953618.04655, "Loss": {"min": 0.5000009406671708}, "_runtime": 7.78497314453125, "_step": 49, "_wandb": {"runtime": 21}}