{"Input layer gradients": 7.60098597836809e-08, "Hidden layer 1 gradients": 3.810219816146186e-06, "Hidden layer 2 gradients": 4.527720631785695e-05, "Hidden layer 3 gradients": 0.00022606680072180491, "Output layer gradients": 2.8935374467367603e-06, "_timestamp": 1662952388.841325, "Loss": {"min": 0.49998902945836515}, "_runtime": 7.440470933914185, "_step": 49, "_wandb": {"runtime": 16}}