{"Input layer gradients": -9.289994124436485e-07, "Hidden layer 1 gradients": 7.283724974058059e-06, "Hidden layer 2 gradients": -2.27469399341316e-06, "Hidden layer 3 gradients": -2.73852534745139e-05, "Output layer gradients": 0.010982407735843552, "_timestamp": 1662945934.5345874, "Loss": {"min": 0.4999899765846127}, "_runtime": 8.705672264099121, "_step": 49, "_wandb": {"runtime": 80}}