{"Input layer gradients": -8.234377498553187e-06, "Hidden layer 1 gradients": -0.00014243853132136155, "Hidden layer 2 gradients": -8.147021329197075e-05, "Hidden layer 3 gradients": 0.0015693084078260248, "Output layer gradients": 0.26169150717551215, "_timestamp": 1662942943.697928, "Loss": {"min": 0.5000272372198764}, "_runtime": 7.011251926422119, "_step": 49, "_wandb": {"runtime": 14}}