{"Input layer gradients": 5.986166105945602e-09, "Hidden layer 1 gradients": -6.699398949788667e-07, "Hidden layer 2 gradients": -5.582646141973207e-05, "Hidden layer 3 gradients": 0.00038923368262791557, "Output layer gradients": 0.11252952272747521, "_timestamp": 1662942131.1892643, "Loss": {"min": 0.5000092945529734}, "_runtime": 9.025660276412964, "_step": 49, "_wandb": {"runtime": 14}}