{"Input layer gradients": -1.0910322750279401e-06, "Hidden layer 1 gradients": 1.4427074299642181e-05, "Hidden layer 2 gradients": 3.3749687777634336e-05, "Hidden layer 3 gradients": -8.272148160311485e-06, "Output layer gradients": 5.705506495401469e-05, "_timestamp": 1662953068.7967913, "Loss": {"min": 0.49999399063757105}, "_runtime": 7.44943642616272, "_step": 49, "_wandb": {"runtime": 17}}