{"Input layer gradients": -5.351601205577281e-114, "Hidden layer 1 gradients": -1.486201615666619e-114, "Hidden layer 2 gradients": -0.0008269097768557772, "Hidden layer 3 gradients": 0.0018774294299496494, "Output layer gradients": 0.0006401127878612888, "_timestamp": 1662940753.211748, "Loss": {"min": 0.4985335281655561}, "_runtime": 7.013530969619751, "_step": 49, "_wandb": {"runtime": 13}}