{"Input layer gradients": 6.895029111541489e-06, "Hidden layer 1 gradients": -3.6392315604077296e-05, "Hidden layer 2 gradients": -1.7931531733349478e-05, "Hidden layer 3 gradients": -1.813425730631612e-05, "Output layer gradients": 1.1325528796429785e-05, "_timestamp": 1662940554.4814875, "Loss": {"min": 0.49998717835843515}, "_runtime": 6.953725576400757, "_step": 49, "_wandb": {"runtime": 9}}