{"Input layer gradients": -8.375946731701427e-14, "Hidden layer 1 gradients": -3.173400621070985e-06, "Hidden layer 2 gradients": -2.706960427238661e-06, "Hidden layer 3 gradients": -2.1806922172838655e-05, "Output layer gradients": 0.04600889786558909, "_timestamp": 1662941111.5700347, "Loss": {"min": 0.4999927246085633}, "_runtime": 7.056203842163086, "_step": 49, "_wandb": {"runtime": 11}}