{"Input layer gradients": -8.399318139982951e-09, "Hidden layer 1 gradients": -0.00015953373349308583, "Hidden layer 2 gradients": 5.7085401290890714e-05, "Hidden layer 3 gradients": -0.00012276391218369855, "Output layer gradients": 0.0003323896054847447, "_timestamp": 1662940643.1907265, "Loss": {"min": 0.4983572741615973}, "_runtime": 7.1529154777526855, "_step": 49, "_wandb": {"runtime": 10}}