{"Input layer gradients": -1.0492428357938647e-07, "Hidden layer 1 gradients": 0.0001244805104865808, "Hidden layer 2 gradients": 0.0002692748365277024, "Hidden layer 3 gradients": 0.00016315275288214602, "Output layer gradients": 1.0247800147994424e-05, "_timestamp": 1662943821.7328825, "Loss": {"min": 0.49999118736169995}, "_runtime": 7.074017524719238, "_step": 49, "_wandb": {"runtime": 18}}