{"Input layer": {"_type": "histogram", "values": [1, 0, 0, 0, 0, 0, 0, 0, 0, 0, 0, 0, 0, 0, 0, 0, 0, 0, 0, 0, 0, 0, 0, 0, 0, 0, 0, 0, 0, 0, 0, 49], "bins": [-0.019220721436357956, -0.018619133015207904, -0.01801754459405785, -0.0174159561729078, -0.016814367751757747, -0.01621277933060769, -0.01561119090945764, -0.015009602488307586, -0.014408014067157533, -0.01380642564600748, -0.013204837224857428, -0.012603248803707376, -0.012001660382557323, -0.011400071961407271, -0.010798483540257217, -0.010196895119107164, -0.009595306697957112, -0.00899371827680706, -0.008392129855657007, -0.007790541434506953, -0.0071889530133569, -0.006587364592206848, -0.005985776171056795, -0.005384187749906743, -0.0047825993287566905, -0.004181010907606636, -0.0035794224864565856, -0.0029778340653065297, -0.002376245644156477, -0.0017746572230064248, -0.0011730688018563723, -0.0005714803807063198, 3.0108040443731857e-05]}, "Hidden layer": {"_type": "histogram", "values": [48, 0, 0, 0, 0, 1, 0, 0, 0, 0, 0, 0, 0, 0, 0, 0, 0, 0, 0, 0, 0, 0, 0, 0, 0, 0, 0, 0, 0, 0, 0, 1], "bins": [1.3095368512029817e-05, 0.1164882953582704, 0.23296349534802877, 0.34943869533778715, 0.4659138953275455, 0.5823890953173039, 0.6988642953070623, 0.8153394952968206, 0.931814695286579, 1.0482898952763373, 1.1647650952660957, 1.2812402952558541, 1.3977154952456126, 1.514190695235371, 1.6306658952251292, 1.7471410952148876, 1.863616295204646, 1.9800914951944044, 2.096566695184163, 2.2130418951739212, 2.3295170951636797, 2.445992295153438, 2.5624674951431965, 2.678942695132955, 2.7954178951227133, 2.9118930951124717, 3.02836829510223, 3.144843495091988, 3.2613186950817465, 3.377793895071505, 3.4942690950612634, 3.610744295051022, 3.72721949504078]}, "Output layer": {"_type": "histogram", "values": [1, 0, 0, 0, 0, 0, 0, 0, 0, 0, 0, 0, 0, 0, 0, 48, 0, 0, 0, 0, 0, 0, 0, 0, 0, 0, 0, 0, 0, 0, 0, 1], "bins": [-4.520493639463106, -4.236623337972065, -3.952753036481024, -3.6688827349899835, -3.3850124334989427, -3.101142132007902, -2.8172718305168614, -2.5334015290258205, -2.2495312275347796, -1.9656609260437388, -1.681790624552698, -1.3979203230616575, -1.1140500215706166, -0.8301797200795757, -0.5463094185885353, -0.262439117097494, 0.02143118439354641, 0.30530148588458683, 0.5891717873756281, 0.8730420888666686, 1.1569123903577099, 1.4407826918487503, 1.7246529933397907, 2.008523294830832, 2.2923935963218725, 2.576263897812913, 2.860134199303954, 3.1440045007949946, 3.427874802286035, 3.7117451037770754, 3.9956154052681176, 4.279485706759158, 4.563356008250199]}, "_timestamp": 1662924567.7623405, "_runtime": 6.944836616516113, "_step": 1, "Error": [0.500255864821786, 0.49821981669429266, 0.5000009909990291, 0.5000009635567071, 0.5000009368333799, 0.5000009108121595, 0.5000008854766198, 0.5000008608107132, 0.5000008367987163, 0.5000008134251969, 0.5000007906749929, 0.5000007685332007, 0.5000007469851669, 0.5000007260164853, 0.5000007056129958, 0.5000006857607843, 0.5000006664461832, 0.5000006476557728, 0.5000006293763827, 0.500000611595092, 0.5000005942992317, 0.5000005774763838, 0.5000005611143824, 0.5000005452013132, 0.5000005297255133, 0.5000005146755699, 0.5000005000403197, 0.5000004858088465, 0.5000004719704801, 0.5000004585147938, 0.5000004454316018, 0.5000004327109571, 0.5000004203431474, 0.5000004083186936, 0.5000003966283452, 0.5000003852630778, 0.5000003742140886, 0.500000363472794, 0.5000003530308241, 0.5000003428800209, 0.5000003330124326, 0.5000003234203106, 0.5000003140961052, 0.5000003050324622, 0.5000002962222173, 0.5000002876583942, 0.5000002793341985, 0.5000002712430158, 0.5000002633784053, 0.5000002557340978], "_wandb": {"runtime": 10}}