{"Input layer gradients": -4.802329471365464e-07, "Hidden layer 1 gradients": -3.516060193336525e-07, "Hidden layer 2 gradients": 1.81239669476123e-07, "Hidden layer 3 gradients": -1.8940846518351624e-07, "Output layer gradients": 0.026357488713124516, "_timestamp": 1662943414.594529, "Loss": {"min": 0.49998981390825664}, "_runtime": 7.127395868301392, "_step": 49, "_wandb": {"runtime": 13}}