{"Input layer gradients": -1.4776967039293649e-10, "Hidden layer 1 gradients": 3.8466239414747133e-10, "Hidden layer 2 gradients": 3.346809382872569e-08, "Hidden layer 3 gradients": -3.52405829701419e-08, "Output layer gradients": 1.922970163090323e-08, "_timestamp": 1662952632.5453703, "Loss": {"min": 0.4972092025945884}, "_runtime": 7.272730350494385, "_step": 49, "_wandb": {"runtime": 16}}