{"Input layer gradients": 3.9129194205427476e-07, "Hidden layer 1 gradients": 0.0002530504024386214, "Hidden layer 2 gradients": 5.420718977710666e-05, "Hidden layer 3 gradients": 1.890230903550509e-05, "Output layer gradients": 7.596421224012606e-06, "_timestamp": 1662942176.6028163, "Loss": {"min": 0.4999895066807387}, "_runtime": 7.166987419128418, "_step": 49, "_wandb": {"runtime": 17}}