{"Input layer gradients": 1.2609365355036946e-06, "Hidden layer 1 gradients": 3.7863399869493515e-05, "Hidden layer 2 gradients": 5.939784805011211e-05, "Hidden layer 3 gradients": -2.219199837056495e-05, "Output layer gradients": 0.007393321048943136, "_timestamp": 1662944140.4390564, "Loss": {"min": 0.4999965815289691}, "_runtime": 7.244622468948364, "_step": 49, "_wandb": {"runtime": 15}}