{"Input layer gradients": 1.676688615400227e-07, "Hidden layer 1 gradients": 5.532585134769951e-06, "Hidden layer 2 gradients": 1.8802046394728927e-05, "Hidden layer 3 gradients": 0.0001444212755755606, "Output layer gradients": 0.10994293593535238, "_timestamp": 1662954099.2551157, "Loss": {"min": 0.5000037058176966}, "_runtime": 7.224610805511475, "_step": 49, "_wandb": {"runtime": 19}}