{"Input layer gradients": -4.644200157239556e-07, "Hidden layer 1 gradients": 7.450588237385379e-06, "Hidden layer 2 gradients": -7.105972314119254e-06, "Hidden layer 3 gradients": -3.3672457458750336e-05, "Output layer gradients": 7.302529536523661e-05, "_timestamp": 1662948851.3670702, "Loss": {"min": 0.49999225829367205}, "_runtime": 7.244714260101318, "_step": 49, "_wandb": {"runtime": 13}}