{"Input layer gradients": -2.9265672155796105e-06, "Hidden layer 1 gradients": -0.0001017694541830913, "Hidden layer 2 gradients": -3.22103022513942e-05, "Hidden layer 3 gradients": 0.0011381748008433311, "Output layer gradients": 0.2411525874492181, "_timestamp": 1662953096.0135036, "Loss": {"min": 0.5000147821898411}, "_runtime": 7.179545640945435, "_step": 49, "_wandb": {"runtime": 18}}