{"Input layer gradients": 1.5715938788126868e-06, "Hidden layer 1 gradients": 5.31700879640849e-06, "Hidden layer 2 gradients": -3.7286927631977107e-06, "Hidden layer 3 gradients": -4.720443726224541e-05, "Output layer gradients": 0.04235003881121156, "_timestamp": 1662951382.9990776, "Loss": {"min": 0.4999955244449106}, "_runtime": 7.900524616241455, "_step": 49, "_wandb": {"runtime": 16}}