{"Input layer gradients": 2.6258746455114503e-06, "Hidden layer 1 gradients": -5.563698685254114e-06, "Hidden layer 2 gradients": 3.432110999433793e-05, "Hidden layer 3 gradients": 0.0007767334555170222, "Output layer gradients": 0.18688112718623506, "_timestamp": 1662951297.0607128, "Loss": {"min": 0.5000132524207037}, "_runtime": 7.5455238819122314, "_step": 49, "_wandb": {"runtime": 18}}