{"Input layer gradients": 8.716556402270944e-16, "Hidden layer 1 gradients": -0.000650335438834746, "Hidden layer 2 gradients": -0.0030566241249549713, "Hidden layer 3 gradients": 0.006938355468538401, "Output layer gradients": 0.006379360445315672, "_timestamp": 1662940814.7199411, "Loss": {"min": 0.4988032441460694}, "_runtime": 7.021225214004517, "_step": 49, "_wandb": {"runtime": 12}}