{"Input layer gradients": -1.4001813023013832e-07, "Hidden layer 1 gradients": 0.002673416689009587, "Hidden layer 2 gradients": -0.006412836494167485, "Hidden layer 3 gradients": 0.005043110463290993, "Output layer gradients": 0.000636545827443648, "_timestamp": 1662947557.879554, "Loss": {"min": 0.49873776019180466}, "_runtime": 7.654223918914795, "_step": 49, "_wandb": {"runtime": 69}}