{"Input layer gradients": 3.0768134779548314e-06, "Hidden layer 1 gradients": 4.201990818103154e-05, "Hidden layer 2 gradients": -2.0196213999224205e-06, "Hidden layer 3 gradients": 7.116077938698623e-05, "Output layer gradients": 2.1634849883683804e-05, "_timestamp": 1662943684.0090718, "Loss": {"min": 0.4999951097704277}, "_runtime": 7.133011817932129, "_step": 49, "_wandb": {"runtime": 12}}