{"Input layer gradients": -7.442693406360081e-05, "Hidden layer 1 gradients": 0.0015203187260245782, "Hidden layer 2 gradients": -0.002801979150503095, "Hidden layer 3 gradients": -0.015483272688858268, "Output layer gradients": 0.01736611196342159, "_timestamp": 1662952715.9052627, "Loss": {"min": 0.49920792299551786}, "_runtime": 7.217574596405029, "_step": 49, "_wandb": {"runtime": 17}}