{"Input layer gradients": 1.1404948742639094e-07, "Hidden layer 1 gradients": -1.5088802018244611e-05, "Hidden layer 2 gradients": -8.35845334784263e-06, "Hidden layer 3 gradients": 1.260973422941955e-05, "Output layer gradients": 0.07687849943850884, "_timestamp": 1662948230.2975192, "Loss": {"min": 0.5000009297558602}, "_runtime": 7.38614821434021, "_step": 49, "_wandb": {"runtime": 11}}