{"Input layer gradients": -3.9653601510796916e-06, "Hidden layer 1 gradients": -1.869381817634804e-05, "Hidden layer 2 gradients": 1.0863229431192268e-05, "Hidden layer 3 gradients": -2.850242231726988e-05, "Output layer gradients": 1.0303163002267635e-05, "_timestamp": 1662943465.0163803, "Loss": {"min": 0.4999865671312858}, "_runtime": 7.0746753215789795, "_step": 49, "_wandb": {"runtime": 13}}