{"Input layer gradients": 3.1225573140208976e-07, "Hidden layer 1 gradients": -1.9704174951547613e-05, "Hidden layer 2 gradients": -3.030323464007641e-05, "Hidden layer 3 gradients": 4.6525482013754566e-05, "Output layer gradients": 0.07044268930028412, "_timestamp": 1662948484.0544963, "Loss": {"min": 0.5000014789264263}, "_runtime": 7.150049209594727, "_step": 49, "_wandb": {"runtime": 10}}