{"Input layer gradients": 7.484383573794364e-07, "Hidden layer 1 gradients": 0.00010200858188871008, "Hidden layer 2 gradients": 5.7400964243706676e-05, "Hidden layer 3 gradients": -1.879046456039915e-05, "Output layer gradients": 4.1837375616277095e-06, "_timestamp": 1662944040.9444723, "Loss": {"min": 0.4999906174046379}, "_runtime": 7.388436317443848, "_step": 49, "_wandb": {"runtime": 17}}