{"Input layer gradients": -1.0548546782954814e-07, "Hidden layer 1 gradients": 2.0283772422027638e-05, "Hidden layer 2 gradients": 9.174758916858873e-05, "Hidden layer 3 gradients": 0.00026944517752313193, "Output layer gradients": 4.664828184522407e-06, "_timestamp": 1662948647.9907382, "Loss": {"min": 0.4999927812213163}, "_runtime": 7.328958034515381, "_step": 49, "_wandb": {"runtime": 12}}