{"Input layer gradients": 5.54025025852449e-07, "Hidden layer 1 gradients": 0.0009508019419930576, "Hidden layer 2 gradients": -0.0023003572276841934, "Hidden layer 3 gradients": 0.0035055720392873323, "Output layer gradients": 0.007985760465339553, "_timestamp": 1662952357.9812803, "Loss": {"min": 0.49834260496226374}, "_runtime": 7.69542932510376, "_step": 49, "_wandb": {"runtime": 20}}