{"Input layer gradients": 4.913534418423465e-06, "Hidden layer 1 gradients": 3.248331579899514e-05, "Hidden layer 2 gradients": -5.754460363601908e-07, "Hidden layer 3 gradients": -3.13386568553148e-05, "Output layer gradients": 4.9293424851382106e-05, "_timestamp": 1662943329.2762213, "Loss": {"min": 0.4999920957743872}, "_runtime": 7.0088951587677, "_step": 49, "_wandb": {"runtime": 13}}