{"Input layer gradients": 8.197730862770534e-07, "Hidden layer 1 gradients": -6.7673075088358006e-06, "Hidden layer 2 gradients": -2.70284031367071e-05, "Hidden layer 3 gradients": 0.00012803954415401404, "Output layer gradients": 1.1352435751857404e-05, "_timestamp": 1662953775.7084322, "Loss": {"min": 0.4999904602563721}, "_runtime": 7.379895210266113, "_step": 49, "_wandb": {"runtime": 24}}