{"Input layer gradients": -3.4201524866021766e-06, "Hidden layer 1 gradients": 4.5722407425236574e-05, "Hidden layer 2 gradients": 3.1596657594964396e-06, "Hidden layer 3 gradients": 1.1717510838282085e-06, "Output layer gradients": 3.105923959786927e-06, "_timestamp": 1662941724.9814885, "Loss": {"min": 0.4999896346537788}, "_runtime": 7.282245397567749, "_step": 49, "_wandb": {"runtime": 13}}