{"Input layer gradients": -1.1638609073521989e-08, "Hidden layer 1 gradients": -3.862876206062443e-06, "Hidden layer 2 gradients": 7.727633703129448e-06, "Hidden layer 3 gradients": 0.00013563792346742682, "Output layer gradients": 0.12204823637072712, "_timestamp": 1662943640.4728196, "Loss": {"min": 0.5000044585972456}, "_runtime": 7.0118186473846436, "_step": 49, "_wandb": {"runtime": 11}}