{"Input layer gradients": 6.6706407506888e-07, "Hidden layer 1 gradients": 1.5266282794129072e-05, "Hidden layer 2 gradients": 5.715184360061133e-06, "Hidden layer 3 gradients": 0.00011649482647379728, "Output layer gradients": 0.13949997266934033, "_timestamp": 1662941744.5345232, "Loss": {"min": 0.5000051197906928}, "_runtime": 7.034455299377441, "_step": 49, "_wandb": {"runtime": 11}}