{"Input layer gradients": 8.130634743998914e-07, "Hidden layer 1 gradients": 2.4841422110191827e-05, "Hidden layer 2 gradients": -2.8254627619536416e-06, "Hidden layer 3 gradients": -4.2038669391761415e-05, "Output layer gradients": 0.03582666966234066, "_timestamp": 1662942067.757469, "Loss": {"min": 0.4999935103520507}, "_runtime": 7.422207832336426, "_step": 49, "_wandb": {"runtime": 14}}