{"Input layer gradients": 1.9445051465781048e-08, "Hidden layer 1 gradients": -4.125711066333678e-06, "Hidden layer 2 gradients": -3.281409100320675e-07, "Hidden layer 3 gradients": 6.279958350965229e-05, "Output layer gradients": 0.06460321810471148, "_timestamp": 1662953185.4472063, "Loss": {"min": 0.5000011603690365}, "_runtime": 7.363843202590942, "_step": 49, "_wandb": {"runtime": 17}}