{"Input layer gradients": -1.2232608215457707e-07, "Hidden layer 1 gradients": -6.16385362982986e-06, "Hidden layer 2 gradients": -1.3723481747925378e-05, "Hidden layer 3 gradients": -7.151035791902382e-05, "Output layer gradients": 0.009565572877835382, "_timestamp": 1662951822.7117183, "Loss": {"min": 0.4999932769924318}, "_runtime": 7.5021092891693115, "_step": 49, "_wandb": {"runtime": 17}}