{"Input layer gradients": -0.00036340853730641763, "Hidden layer 1 gradients": -0.001931270860326577, "Hidden layer 2 gradients": -0.0027066739603219415, "Hidden layer 3 gradients": 0.010969765151880091, "Output layer gradients": -0.009050855570144798, "_timestamp": 1662942611.1077597, "Loss": {"min": 0.49914534813058026}, "_runtime": 6.973506689071655, "_step": 49, "_wandb": {"runtime": 13}}