{"Input layer gradients": 1.8092983354978326e-06, "Hidden layer 1 gradients": 4.098539627984187e-05, "Hidden layer 2 gradients": 2.577032540279585e-05, "Hidden layer 3 gradients": 0.00034893696537814157, "Output layer gradients": 4.466667273507474e-05, "_timestamp": 1662944561.1601868, "Loss": {"min": 0.49999465072334504}, "_runtime": 7.378292798995972, "_step": 49, "_wandb": {"runtime": 15}}