{"Input layer gradients": -1.655419311781884e-06, "Hidden layer 1 gradients": -0.00042980416689521514, "Hidden layer 2 gradients": -0.016559715577676125, "Hidden layer 3 gradients": 0.06517931791962196, "Output layer gradients": -0.017712443945856002, "_timestamp": 1662951241.050748, "Loss": {"min": 0.49771936908416586}, "_runtime": 7.449059009552002, "_step": 49, "_wandb": {"runtime": 16}}