{"Input layer gradients": 1.6116735747863297e-06, "Hidden layer 1 gradients": 1.604084593976174e-05, "Hidden layer 2 gradients": -9.090480717968122e-06, "Hidden layer 3 gradients": -0.00010205918894995656, "Output layer gradients": 0.00015629228021911412, "_timestamp": 1662947364.1652787, "Loss": {"min": 0.4999844684465664}, "_runtime": 8.058201789855957, "_step": 49, "_wandb": {"runtime": 71}}