{"Input layer gradients": 1.3212715114527957e-06, "Hidden layer 1 gradients": 3.6267750279796816e-06, "Hidden layer 2 gradients": -5.19139951968309e-06, "Hidden layer 3 gradients": -4.19560862934426e-05, "Output layer gradients": 0.04764649917880115, "_timestamp": 1662947173.3238053, "Loss": {"min": 0.49999585517144307}, "_runtime": 7.953466415405273, "_step": 49, "_wandb": {"runtime": 70}}