{"Input layer gradients": 9.292609474377924e-08, "Hidden layer 1 gradients": -2.973468484970805e-07, "Hidden layer 2 gradients": -1.3233581982001447e-06, "Hidden layer 3 gradients": 4.002007618297633e-06, "Output layer gradients": 3.731938257368964e-06, "_timestamp": 1662954032.4106476, "Loss": {"min": 0.4979117064019818}, "_runtime": 7.294638633728027, "_step": 49, "_wandb": {"runtime": 25}}