{"Input layer gradients": 1.279272133110801e-08, "Hidden layer 1 gradients": 3.685585123620151e-05, "Hidden layer 2 gradients": 0.0009202880852544938, "Hidden layer 3 gradients": 0.008928900783906062, "Output layer gradients": 0.4220979480645699, "_timestamp": 1662940572.1199398, "Loss": {"min": 0.5000587730760064}, "_runtime": 6.941673755645752, "_step": 49, "_wandb": {"runtime": 9}}