{"Input layer gradients": 4.225902008271982e-06, "Hidden layer 1 gradients": -0.0001464060410781165, "Hidden layer 2 gradients": -0.0008804804220393224, "Hidden layer 3 gradients": 0.004849791759533163, "Output layer gradients": 0.002905036817849955, "_timestamp": 1662953650.404948, "Loss": {"min": 0.49868724834123146}, "_runtime": 7.423890113830566, "_step": 49, "_wandb": {"runtime": 17}}