{"Input layer gradients": 1.6992252577667406e-06, "Hidden layer 1 gradients": 8.721366054666859e-06, "Hidden layer 2 gradients": 0.0003408042563094953, "Hidden layer 3 gradients": 0.03420126857860156, "Output layer gradients": 0.6285443226918515, "_timestamp": 1662942801.233541, "Loss": {"min": 0.500110077056308}, "_runtime": 7.096015930175781, "_step": 49, "_wandb": {"runtime": 12}}