{"Input layer gradients": -9.011625098306354e-07, "Hidden layer 1 gradients": 9.34464131694267e-05, "Hidden layer 2 gradients": 6.670248021373908e-06, "Hidden layer 3 gradients": 9.595389038394334e-05, "Output layer gradients": 1.5108681451533879e-05, "_timestamp": 1662941853.7242916, "Loss": {"min": 0.499991631562462}, "_runtime": 6.978398561477661, "_step": 49, "_wandb": {"runtime": 13}}