{"Input layer gradients": 6.472714334172395e-05, "Hidden layer 1 gradients": -0.0016666739305486132, "Hidden layer 2 gradients": -0.005678044953461236, "Hidden layer 3 gradients": -0.010398488069666876, "Output layer gradients": 0.006288703878314032, "_timestamp": 1662952187.7547023, "Loss": {"min": 0.4976208709797432}, "_runtime": 7.363488435745239, "_step": 49, "_wandb": {"runtime": 16}}