{"Input layer gradients": 1.3056984770508977e-07, "Hidden layer 1 gradients": 4.445842560321092e-05, "Hidden layer 2 gradients": 0.00015407040668400263, "Hidden layer 3 gradients": -1.365124236441083e-05, "Output layer gradients": 0.036211871228825576, "_timestamp": 1662947751.5443847, "Loss": {"min": 0.49999506590296694}, "_runtime": 7.953389644622803, "_step": 49, "_wandb": {"runtime": 67}}