{"Input layer gradients": 9.111959422108472e-07, "Hidden layer 1 gradients": -9.717369468121244e-05, "Hidden layer 2 gradients": 4.193066872910638e-06, "Hidden layer 3 gradients": 0.00015605569109271764, "Output layer gradients": 0.15631888959760679, "_timestamp": 1662942329.6362147, "Loss": {"min": 0.5000076403899585}, "_runtime": 7.145552635192871, "_step": 49, "_wandb": {"runtime": 10}}