{"Input layer": 2.6932391469358694e-276, "Hidden layer": 0.0003286543018584732, "Output layer": 0.00014709174269204075, "_timestamp": 1662925411.192909, "Loss": {"min": 0.5095348941414327}, "_runtime": 6.918258905410767, "_step": 49, "_wandb": {"runtime": 9}}