{"Input layer gradients": 1.9019019049431153e-05, "Hidden layer 1 gradients": 5.8544383294647e-05, "Hidden layer 2 gradients": -0.0003502481920389651, "Hidden layer 3 gradients": 0.0008896742247616208, "Output layer gradients": 0.002148698413247765, "_timestamp": 1662944605.4833734, "Loss": {"min": 0.49940425629377555}, "_runtime": 7.22870945930481, "_step": 49, "_wandb": {"runtime": 14}}