{"Input layer gradients": 5.730373042601353e-07, "Hidden layer 1 gradients": 3.2624681184641454e-05, "Hidden layer 2 gradients": 0.00015152289139900782, "Output layer gradients": 5.181926762988509e-05, "_timestamp": 1662938122.5916173, "Loss": {"min": 0.499999818350392}, "_runtime": 7.143208265304565, "_step": 49, "_wandb": {"runtime": 17}}