{"Input layer": 1.8282148470030308e-184, "Hidden layer": -0.00014317732476133678, "Output layer": 0.0038760958327060096, "_timestamp": 1662925394.8850608, "Loss": {"min": 0.5001615589521263}, "_runtime": 6.879487752914429, "_step": 49, "_wandb": {"runtime": 9}}