{"Input layer gradients": 1.3779471418987064e-06, "Hidden layer 1 gradients": 7.418197150325453e-05, "Hidden layer 2 gradients": 3.303140438882428e-05, "Hidden layer 3 gradients": 0.00014255148033400346, "Output layer gradients": 1.0840407169310229e-05, "_timestamp": 1662942921.0469766, "Loss": {"min": 0.49999365206146773}, "_runtime": 7.149005651473999, "_step": 49, "_wandb": {"runtime": 14}}