{"Input layer gradients": 1.1511709743953087e-07, "Hidden layer 1 gradients": -4.154790313798631e-05, "Hidden layer 2 gradients": 6.623494596555944e-05, "Hidden layer 3 gradients": -0.0003267051062717717, "Output layer gradients": 0.0007792944927364014, "_timestamp": 1662946973.353944, "Loss": {"min": 0.49773890076773114}, "_runtime": 9.301126956939697, "_step": 49, "_wandb": {"runtime": 84}}