{"Input layer gradients": -7.727950797010923e-08, "Hidden layer 1 gradients": -9.149172879376123e-05, "Hidden layer 2 gradients": -0.0006207696830138477, "Hidden layer 3 gradients": 0.0048162724659416125, "Output layer gradients": 0.0015491436542774011, "_timestamp": 1662951602.547029, "Loss": {"min": 0.49909302688663004}, "_runtime": 8.350150108337402, "_step": 49, "_wandb": {"runtime": 15}}