{"Input layer gradients": 5.91363468580734e-07, "Hidden layer 1 gradients": -0.00023839550353561286, "Hidden layer 2 gradients": 0.00014725951277369163, "Hidden layer 3 gradients": 0.006578860035433471, "Output layer gradients": 0.3857846837515698, "_timestamp": 1662948426.2429965, "Loss": {"min": 0.5000440934485135}, "_runtime": 6.9720494747161865, "_step": 49, "_wandb": {"runtime": 10}}