{"Input layer gradients": -1.2752949047832984e-40, "Hidden layer 1 gradients": -1.536174749734336e-41, "Hidden layer 2 gradients": -0.003030774189494101, "Hidden layer 3 gradients": 0.004995195642395248, "Output layer gradients": 0.002708091622869991, "_timestamp": 1662940874.5159748, "Loss": {"min": 0.49834832533723716}, "_runtime": 7.047768831253052, "_step": 49, "_wandb": {"runtime": 14}}