{"Input layer gradients": 1.669691300591098e-06, "Hidden layer 1 gradients": 6.765268331774135e-05, "Hidden layer 2 gradients": 0.00012506367771675925, "Hidden layer 3 gradients": 5.757721255057076e-05, "Output layer gradients": 1.424790840305612e-05, "_timestamp": 1662942245.1778939, "Loss": {"min": 0.4999898896599781}, "_runtime": 7.0645787715911865, "_step": 49, "_wandb": {"runtime": 14}}