{"Input layer gradients": 2.0451993417154036e-06, "Hidden layer 1 gradients": -0.0004034578386833364, "Hidden layer 2 gradients": 0.00033896026358831585, "Hidden layer 3 gradients": -0.0015350301244859154, "Output layer gradients": 0.0004546734230888873, "_timestamp": 1662943038.0374262, "Loss": {"min": 0.4992485746585355}, "_runtime": 7.0698442459106445, "_step": 49, "_wandb": {"runtime": 14}}