{"Input layer gradients": 7.349470388133629e-27, "Hidden layer 1 gradients": 5.722295035632895e-28, "Hidden layer 2 gradients": -2.168404344971009e-19, "Hidden layer 3 gradients": -7.575862680242462e-18, "Output layer gradients": 2.095545958979983e-15, "_timestamp": 1662941218.761186, "Loss": {"min": 0.49998762406871117}, "_runtime": 6.9909069538116455, "_step": 49, "_wandb": {"runtime": 13}}