{"Input layer gradients": 7.419927201068651e-07, "Hidden layer 1 gradients": 7.218765175387361e-05, "Hidden layer 2 gradients": 4.31152582934899e-05, "Hidden layer 3 gradients": 9.694521003208545e-05, "Output layer gradients": 6.196246322517918e-06, "_timestamp": 1662942850.0489714, "Loss": {"min": 0.4999923936642744}, "_runtime": 7.098487377166748, "_step": 49, "_wandb": {"runtime": 15}}