{"Input layer gradients": -1.3147860256881121e-06, "Hidden layer 1 gradients": -4.602415265717015e-06, "Hidden layer 2 gradients": -3.1456887677771496e-06, "Hidden layer 3 gradients": 2.378846673685922e-05, "Output layer gradients": 0.07629378349014489, "_timestamp": 1662952935.9720285, "Loss": {"min": 0.5000012962073153}, "_runtime": 7.191685438156128, "_step": 49, "_wandb": {"runtime": 18}}