{"Input layer gradients": -1.6911079438095898e-06, "Hidden layer 1 gradients": 0.00041329671674289887, "Hidden layer 2 gradients": -0.0030385854535801343, "Hidden layer 3 gradients": 0.0054128172421183144, "Output layer gradients": 0.0038709314239353376, "_timestamp": 1662942895.9975233, "Loss": {"min": 0.4984444511272273}, "_runtime": 7.080585241317749, "_step": 49, "_wandb": {"runtime": 15}}