{"Input layer gradients": 3.774253594850409e-07, "Hidden layer 1 gradients": -0.00023763046066373173, "Hidden layer 2 gradients": 6.875351896185093e-05, "Hidden layer 3 gradients": 0.0015697739044397345, "Output layer gradients": 0.2528591967221331, "_timestamp": 1662941560.6369767, "Loss": {"min": 0.5000217992332282}, "_runtime": 11.282369613647461, "_step": 49, "_wandb": {"runtime": 14}}