{"Input layer gradients": -4.669347682156407e-08, "Hidden layer gradients": 0.02152105430461725, "Output layer gradients": 0.2050365296488054, "_timestamp": 1662934625.6680162, "Loss": {"min": 0.4966170150268266}, "_runtime": 6.897366285324097, "_step": 49, "_wandb": {"runtime": 10}}