{"Input layer gradients": -4.1706325196276686e-07, "Hidden layer 1 gradients": 0.0023633822212979928, "Hidden layer 2 gradients": -0.0040452472032080165, "Hidden layer 3 gradients": -0.0007491943362475009, "Output layer gradients": 0.0015426500239380271, "_timestamp": 1662942347.3694293, "Loss": {"min": 0.4976463372927244}, "_runtime": 7.10353946685791, "_step": 49, "_wandb": {"runtime": 14}}