{"Input layer gradients": 8.479749200360829e-07, "Hidden layer 1 gradients": 2.613357815713642e-07, "Hidden layer 2 gradients": 1.8919001402668557e-07, "Hidden layer 3 gradients": -1.2805746879865256e-05, "Output layer gradients": 2.8234733709386894e-07, "_timestamp": 1662942779.3551147, "Loss": {"min": 0.49998763691936493}, "_runtime": 7.350831747055054, "_step": 49, "_wandb": {"runtime": 12}}